1002;5;0;19;5.2;14893;18:43:59.60;0;138.66761;-54.34996;1;7.56;0;0;27;0;0;0;0;0;6;3;2209943960;0;0;0;63;0
1004;2;0;17;2.3;22121;18:44:00.58;0;-141.95523;-169.66356;1;8.54;0;0;27;0;0;0;0;0;6;3;2209944058;0;0;0;63;0
1006;9;0;15;9.9;3003;18:44:01.25;0;-29.26999;6.71807;1;9.21;0;0;27;0;0;0;0;0;6;3;2209944125;0;0;0;63;0
1003;6;0;12;6.9;10606;18:44:02.55;0;-54.67560;90.88984;1;10.51;0;0;27;0;0;0;0;0;7;3;2209944255;0;0;0;63;0
1001;8;0;20;8.6;6382;18:44:02.58;0;-5.35078;-63.60120;1;10.54;0;0;27;0;0;0;0;0;6;3;2209944258;0;0;0;63;0
1007;3;0;14;3.6;18746;18:44:05.03;0;182.45415;-43.05330;1;12.99;0;0;27;0;0;0;0;0;6;3;2209944503;0;0;0;63;0
1003;9;0;12;9.9;3205;18:44:06.99;0;18.00890;26.51759;1;14.96;0;0;27;0;0;0;0;0;8;3;2209944699;0;0;0;63;0
1005;9;0;16;9.4;4315;18:44:06.12;0;-1.49385;-43.12735;1;14.8;0;0;27;0;0;0;0;0;6;3;2209944612;0;0;0;63;0
1006;6;0;15;6.1;12628;18:44:09.03;0;-123.60704;-25.85061;1;16.99;0;0;27;0;0;0;0;0;7;3;2209944903;0;0;0;63;0
1002;8;0;19;8.9;5612;18:44:09.17;0;32.51933;45.74354;1;17.13;0;0;27;0;0;0;0;0;7;3;2209944917;0;0;0;63;0
1004;0;0;17;0.0;28302;18:44:09.95;0;203.30676;196.90214;1;17.91;0;0;27;0;0;0;0;0;7;3;2209944995;0;0;0;63;0
1009;10;0;18;10.3;2080;18:44:07.88;0;18.84789;-8.81204;1;15.84;0;0;27;0;0;0;0;0;6;3;2209944788;0;0;0;63;0
1003;8;0;12;8.8;5951;18:44:12.63;0;49.63233;32.83918;1;20.59;0;0;27;0;0;0;0;0;9;3;2209945263;0;0;0;63;0
1006;7;0;15;7.2;9746;18:44:13.28;0;52.97349;81.81518;1;21.24;0;0;27;0;0;0;0;0;8;3;2209945328;0;0;0;63;0
1008;7;0;13;7.9;8192;18:44:12.31;0;54.74212;-60.95462;1;20.27;0;0;27;0;0;0;0;0;6;3;2209945231;0;0;0;63;0
1007;10;0;14;10.6;997;18:44:15.15;1;6.12687;-7.87737;1;23.11;0;0;27;0;0;0;0;0;7;3;2209945515;0;0;0;63;0
1003;5;0;12;5.5;14052;18:44:16.18;0;30.78629;137.11207;1;24.14;0;0;27;0;0;0;0;0;10;3;2209945618;0;0;0;63;0
1006;8;0;15;8.2;7352;18:44:17.70;0;56.64702;-46.86699;1;25.66;0;0;27;0;0;0;0;0;9;3;2209945770;0;0;0;63;0
1003;10;0;12;10.1;2462;18:44:18.67;0;-17.71551;-17.10564;1;26.63;0;0;27;0;0;1;0;0;11;3;2209945867;0;0;0;63;0
1006;10;0;15;10.3;1821;18:44:20.13;0;17.72644;4.18029;1;28.9;0;0;27;0;0;1;0;0;10;3;2209946013;0;0;0;63;0
1009;8;0;18;8.2;7354;18:44:20.48;0;-60.62396;41.63529;1;28.44;0;0;27;0;0;0;0;0;7;3;2209946048;0;0;0;63;0
1005;7;0;16;7.5;9126;18:44:21.32;0;-25.25790;87.69663;1;29.28;0;0;27;0;0;0;0;0;7;3;2209946132;0;0;0;63;0
1004;0;0;17;0.0;37207;18:44:24.76;0;193.52113;317.79233;1;32.72;0;0;27;0;0;0;0;0;8;3;2209946476;0;0;0;63;0
1002;5;0;19;5.7;13574;18:44:27.26;0;134.97037;-14.51866;1;35.22;0;0;27;0;0;0;0;0;8;3;2209946726;0;0;0;63;0
1007;10;0;14;10.3;1956;18:44:28.17;0;8.32360;-17.70417;1;36.13;0;0;27;0;0;0;0;0;8;3;2209946817;0;0;0;63;0
1009;9;0;18;9.2;4756;18:44:32.44;0;-45.51556;-13.82442;1;40.40;0;0;27;0;0;0;0;0;8;3;2209947244;0;0;0;63;0
1004;2;0;17;2.9;20693;18:44:36.03;0;97.29864;182.63862;1;43.99;0;0;27;0;0;0;0;0;9;3;2209947603;0;0;0;63;0
1005;8;0;16;8.1;7674;18:44:37.87;0;71.20594;28.62050;1;45.83;0;0;27;0;0;0;0;0;8;3;2209947787;0;0;0;63;0
1009;10;0;18;10.9;55;18:44:37.76;1;0.52499;0.18770;1;45.72;0;0;27;0;0;0;0;0;9;3;2209947776;0;0;0;63;0
1007;8;0;14;8.4;6875;18:44:40.23;0;-58.97770;-35.34824;1;48.19;0;0;27;0;0;0;0;0;9;3;2209948023;0;0;0;63;0
1002;7;0;19;7.8;8451;18:44:40.21;0;-8.24205;-84.11420;1;48.17;0;0;27;0;0;0;0;0;9;3;2209948021;0;0;0;63;0
1001;3;0;20;3.3;19549;18:44:40.63;0;-61.45984;-185.58282;1;48.59;0;0;27;0;0;0;0;0;7;3;2209948063;0;0;0;63;0
1009;8;0;18;8.9;5724;18:44:42.03;0;3.70690;57.12556;1;49.99;0;0;27;0;0;1;0;0;10;3;2209948203;0;0;0;63;0
1004;5;0;17;5.3;14517;18:44:46.57;0;123.68497;76.00780;1;54.53;0;0;27;0;0;1;0;0;10;3;2209948657;0;0;0;63;0
1005;7;0;16;7.2;9972;18:44:51.46;0;79.29928;60.47886;1;59.42;0;0;27;0;0;0;0;0;9;3;2209949146;0;0;0;63;0
1002;5;0;19;5.9;13000;18:44:55.01;0;120.93063;-47.71375;1;62.97;0;0;27;0;0;1;0;0;10;3;2209949501;0;0;0;63;0
1007;8;0;14;8.7;6042;18:44:55.34;0;-59.54503;-10.26054;1;63.30;0;0;27;0;0;1;0;0;10;3;2209949534;0;0;0;63;0
1008;8;0;13;8.6;6314;18:44:56.13;0;22.28818;59.08024;1;64.9;0;0;27;0;0;0;0;0;7;3;2209949613;0;0;0;63;0
1005;8;0;16;8.8;5970;18:45:09.13;0;-48.23093;-35.18488;1;77.9;0;0;27;0;0;1;0;0;10;3;2209950913;0;0;0;63;0
1001;6;0;20;6.2;12428;18:45:10.62;0;40.98964;-117.32701;1;78.58;0;0;27;0;0;0;0;0;8;3;2209951062;0;0;0;63;0
1001;8;0;20;8.4;6857;18:45:30.60;0;-24.24768;-64.14896;1;98.56;0;0;27;0;0;0;0;0;9;3;2209953060;0;0;0;63;0
1008;8;0;13;8.8;5960;18:45:32.08;0;53.37973;26.51969;1;100.4;0;0;27;0;0;0;0;0;8;3;2209953208;0;0;0;63;0
1008;7;0;13;7.1;10027;18:45:48.23;0;-70.95441;-70.85488;1;116.19;0;0;27;0;0;0;0;0;9;3;2209954823;0;0;0;63;0
1008;8;0;13;8.7;6074;18:45:56.90;0;-37.18262;-48.02945;1;124.86;0;0;27;0;0;1;0;0;10;3;2209955690;0;0;0;63;0
1001;5;0;20;5.4;14386;18:46:00.26;0;34.57362;-139.64599;1;128.22;0;0;27;0;0;1;0;0;10;3;2209956026;0;0;0;63;0
1003;5;1;12;5.7;13572;18:48:34.83;0;22.47468;133.85239;1;3.28;0;0;27;0;0;0;1;1;14;3;2209971483;0;0;0;63;0
1004;4;1;17;4.8;15798;18:48:37.59;0;-25.78608;-155.86773;1;6.4;0;0;27;0;0;0;1;1;13;3;2209971759;0;0;0;63;0
1006;8;1;15;8.8;5948;18:48:37.96;0;5.00593;-59.26919;1;6.41;0;0;27;0;0;0;1;1;13;3;2209971796;0;0;0;63;0
1008;9;1;13;9.1;4994;18:48:38.70;0;-7.77594;-49.33963;1;7.15;0;0;27;0;0;0;1;1;13;3;2209971870;0;0;0;63;0
1002;0;1;19;0.0;34852;18:48:40.45;0;27.74481;347.41685;1;8.90;0;0;27;0;0;0;1;1;13;3;2209972045;0;0;0;63;0
1001;7;1;20;7.3;9543;18:48:41.31;0;21.13876;93.06250;1;9.76;0;0;27;0;0;0;1;1;13;3;2209972131;0;0;0;63;0
1006;3;1;15;3.3;19543;18:48:42.72;0;195.06930;-11.92538;1;11.16;0;0;27;0;0;0;1;1;14;3;2209972272;0;0;0;63;0
1005;6;1;16;6.2;12429;18:48:42.83;0;-94.64508;-80.56366;1;11.27;0;0;27;0;0;0;1;1;13;3;2209972283;0;0;0;63;0
1006;6;1;15;6.2;12407;18:48:45.04;0;-33.25983;-119.52983;1;13.48;0;0;27;0;0;0;1;1;15;3;2209972504;0;0;0;63;0
1003;8;1;12;8.9;5655;18:48:46.15;0;56.33204;4.97124;1;14.60;0;0;27;0;0;0;1;1;15;3;2209972615;0;0;0;63;0
1004;6;1;17;6.4;11902;18:48:46.32;0;117.25578;-20.44340;1;14.77;0;0;27;0;0;0;1;1;14;3;2209972632;0;0;0;63;0
1009;10;1;18;10.2;2350;18:48:47.72;0;-9.72547;-21.39334;1;16.17;0;0;27;0;0;0;1;1;13;3;2209972772;0;0;0;63;0
1003;7;1;12;7.3;9619;18:48:48.89;0;43.73187;85.67484;1;17.34;0;0;27;0;0;0;1;1;16;3;2209972889;0;0;0;63;0
1007;9;1;14;9.6;3953;18:48:49.09;0;38.67761;-8.19531;1;17.54;0;0;27;0;0;0;1;1;13;3;2209972909;0;0;0;63;0
1006;8;1;15;8.7;6066;18:48:49.83;0;-27.92300;-53.85311;1;18.28;0;0;27;0;0;0;1;1;16;3;2209972983;0;0;0;63;0
1002;8;1;19;8.8;5843;18:48:51.98;0;-54.59307;20.82905;1;20.42;0;0;27;0;0;0;1;1;14;3;2209973198;0;0;0;63;0
1004;4;1;17;4.5;16680;18:48:52.42;0;133.38253;-100.17082;1;20.87;0;0;27;0;0;0;1;1;15;3;2209973242;0;0;0;63;0
1003;7;1;12;7.3;9636;18:48:54.39;0;56.71402;77.90840;1;22.84;0;0;27;0;0;0;1;1;17;3;2209973439;0;0;0;63;0
1008;7;1;13;7.1;10002;18:48:55.05;0;93.60322;-35.27232;1;23.49;0;0;27;0;0;0;1;1;14;3;2209973505;0;0;0;63;0
1003;6;1;12;6.8;10896;18:48:56.48;0;57.71044;92.43238;1;24.93;0;0;27;0;0;1;1;1;18;3;2209973648;0;0;0;63;0
1005;4;1;16;4.3;17157;18:48:57.12;0;-69.26390;156.97733;1;25.56;0;0;27;0;0;0;1;1;14;3;2209973712;0;0;0;63;0
1002;8;1;19;8.7;6026;18:48:56.92;0;51.63431;31.07767;1;25.37;0;0;27;0;0;0;1;1;15;3;2209973692;0;0;0;63;0
1002;7;1;19;7.4;9259;18:48:59.34;0;16.86354;-91.04995;1;27.79;0;0;27;0;0;0;1;1;16;3;2209973934;0;0;0;63;0
1007;9;1;14;9.7;3630;18:48:59.56;0;22.78040;-28.26271;1;28.1;0;0;27;0;0;0;1;1;14;3;2209973956;0;0;0;63;0
1006;6;1;15;6.9;10628;18:49:00.35;0;-39.53654;-98.65814;1;28.80;0;0;27;0;0;1;1;1;17;3;2209974035;0;0;0;63;0
1002;3;1;19;3.8;18361;18:49:02.47;0;-97.38219;155.66279;1;30.92;0;0;27;0;0;1;1;1;17;3;2209974247;0;0;0;63;0
1004;6;1;17;6.2;12389;18:49:05.85;0;111.23078;-54.56631;1;34.30;0;0;27;0;0;0;1;1;16;3;2209974585;0;0;0;63;0
1009;8;1;18;8.9;5683;18:49:07.10;0;-3.01835;56.75058;1;35.54;0;0;27;0;0;0;1;1;14;3;2209974710;0;0;0;63;0
1005;6;1;16;6.1;12555;18:49:09.54;0;99.57252;76.48140;1;37.99;0;0;27;0;0;0;1;1;15;3;2209974954;0;0;0;63;0
1008;7;1;13;7.2;9950;18:49:10.85;0;84.33777;52.80710;1;39.30;0;0;27;0;0;0;1;1;15;3;2209975085;0;0;0;63;0
1009;8;1;18;8.9;5727;18:49:12.22;0;-32.70182;47.02319;1;40.66;0;0;27;0;0;0;1;1;15;3;2209975222;0;0;0;63;0
1007;7;1;14;7.7;8513;18:49:14.58;0;-80.46249;27.82954;1;43.3;0;0;27;0;0;0;1;1;15;3;2209975458;0;0;0;63;0
1001;10;1;20;10.3;2042;18:49:16.43;0;15.68121;13.08799;1;44.87;0;0;27;0;0;0;1;1;14;3;2209975643;0;0;0;63;0
1004;6;1;17;6.0;12816;18:49:18.85;0;78.23046;-101.51377;1;47.30;0;0;27;0;0;1;1;1;17;3;2209975885;0;0;0;63;0
1005;8;1;16;8.4;6747;18:49:21.89;0;34.97698;57.70690;1;50.34;0;0;27;0;0;0;1;1;16;3;2209976189;0;0;0;63;0
1007;7;1;14;7.9;8079;18:49:30.85;0;-75.34835;-29.16781;1;59.29;0;0;27;0;0;0;1;1;16;3;2209977085;0;0;0;63;0
1009;10;1;18;10.2;2288;18:49:30.78;0;21.22668;8.54995;1;59.23;0;0;27;0;0;0;1;1;16;3;2209977078;0;0;0;63;0
1008;6;1;13;6.6;11274;18:49:33.58;0;-43.91370;103.84578;1;62.3;0;0;27;0;0;0;1;1;16;3;2209977358;0;0;0;63;0
1009;8;1;18;8.4;6776;18:49:33.33;0;-8.83204;-67.18753;1;61.77;0;0;27;0;0;1;1;1;17;3;2209977333;0;0;0;63;0
1005;8;1;16;8.7;6202;18:49:36.55;0;41.53807;46.05871;1;64.99;0;0;27;0;0;1;1;1;17;3;2209977655;0;0;0;63;0
1008;0;1;13;0.0;26870;18:49:43.27;0;247.73741;104.05418;1;71.72;0;0;27;0;0;1;1;1;17;3;2209978327;0;0;0;63;0
1007;10;1;14;10.2;2242;18:49:46.41;0;-20.09301;-9.95727;1;74.85;0;0;27;0;0;1;1;1;17;3;2209978641;0;0;0;63;0
1001;8;1;20;8.5;6605;18:49:46.61;0;-10.33954;65.23905;1;75.6;0;0;27;0;0;0;1;1;15;3;2209978661;0;0;0;63;0
1001;9;1;20;9.3;4704;18:50:09.09;0;14.79022;44.66286;1;97.54;0;0;27;0;0;0;1;1;16;3;2209980909;0;0;0;63;0
1001;10;1;20;10.6;942;18:50:28.44;1;2.05818;9.19374;1;116.89;0;0;27;0;0;1;1;1;17;3;2209982844;0;0;0;63;0
1008;8;1;13;8.8;5749;18:52:30.54;0;37.01764;-43.98672;1;6.23;0;0;27;0;0;0;2;1;20;3;2209995054;0;0;0;63;0
1006;1;1;15;1.4;24381;18:52:30.46;0;194.03854;147.63856;1;6.14;0;0;27;0;0;0;2;1;20;3;2209995046;0;0;0;63;0
1007;7;1;14;7.8;8274;18:52:31.25;0;-51.77532;64.54689;1;6.93;0;0;27;0;0;0;2;1;20;3;2209995125;0;0;0;63;0
1002;7;1;19;7.7;8710;18:52:30.95;0;63.53446;59.59450;1;6.63;0;0;27;0;0;0;2;1;20;3;2209995095;0;0;0;63;0
1005;9;1;16;9.8;3234;18:52:31.76;0;18.91143;26.24536;1;7.44;0;0;27;0;0;0;2;1;20;3;2209995176;0;0;0;63;0
1003;9;1;12;9.5;4094;18:52:32.57;0;-1.33935;40.92448;1;8.25;0;0;27;0;0;0;2;1;21;3;2209995257;0;0;0;63;0
1001;8;1;20;8.7;6184;18:52:34.89;0;31.05927;53.48261;1;10.57;0;0;27;0;0;0;2;1;20;3;2209995489;0;0;0;63;0
1004;9;1;17;9.1;5030;18:52:35.08;0;-25.99781;43.06286;1;10.76;0;0;27;0;0;0;2;1;20;3;2209995508;0;0;0;63;0
1006;9;1;15;9.5;4230;18:52:38.79;0;34.40039;-24.62012;1;14.48;0;0;27;0;0;0;2;1;21;3;2209995879;0;0;0;63;0
1009;7;1;18;7.9;8152;18:52:41.10;0;78.23239;22.95223;1;16.78;0;0;27;0;0;0;2;1;20;3;2209996110;0;0;0;63;0
1006;6;1;15;6.5;11540;18:52:43.05;0;-110.26727;-34.04243;1;18.74;0;0;27;0;0;0;2;1;22;3;2209996305;0;0;0;63;0
1003;8;1;12;8.4;6909;18:52:43.52;0;-3.67437;68.99433;1;19.20;0;0;27;0;0;0;2;1;22;3;2209996352;0;0;0;63;0
1007;8;1;14;8.4;6761;18:52:43.64;0;-24.13710;-63.16119;1;19.32;0;0;27;0;0;0;2;1;21;3;2209996364;0;0;0;63;0
1009;9;1;18;9.8;3240;18:52:43.80;0;28.20067;15.96100;1;19.49;0;0;27;0;0;0;2;1;21;3;2209996380;0;0;0;63;0
1002;7;1;19;7.0;10242;18:52:45.17;0;42.67072;93.11555;1;20.85;0;0;27;0;0;0;2;1;21;3;2209996517;0;0;0;63;0
1005;9;1;16;9.3;4516;18:52:46.77;0;4.64893;44.92912;1;22.45;0;0;27;0;0;0;2;1;21;3;2209996677;0;0;0;63;0
1006;9;1;15;9.5;3988;18:52:47.90;0;-39.88205;0.52292;1;23.58;0;0;27;0;0;0;2;1;23;3;2209996790;0;0;0;63;0
1006;7;1;15;7.8;8399;18:52:51.93;0;-76.66837;-34.31595;1;27.62;0;0;27;0;0;1;2;1;24;3;2209997193;0;0;0;63;0
1004;6;1;17;6.9;10718;18:52:53.24;0;106.57658;11.39794;1;28.92;0;0;27;0;0;0;2;1;21;3;2209997324;0;0;0;63;0
1003;9;1;12;9.5;4068;18:52:53.85;0;-17.03708;36.94158;1;29.53;0;0;27;0;0;0;2;1;23;3;2209997385;0;0;0;63;0
1008;3;1;13;3.4;19428;18:52:54.58;0;187.27386;51.70432;1;30.26;0;0;27;0;0;0;2;1;21;3;2209997458;0;0;0;63;0
1007;9;1;14;9.9;2985;18:52:57.81;0;29.29855;5.71945;1;33.48;0;0;27;0;0;0;2;1;22;3;2209997781;0;0;0;63;0
1002;8;1;19;8.9;5637;18:52:57.53;0;25.07115;-50.49139;1;33.21;0;0;27;0;0;0;2;1;22;3;2209997753;0;0;0;63;0
1009;9;1;18;9.7;3719;18:52:58.54;0;-35.42504;-11.32419;1;34.22;0;0;27;0;0;0;2;1;22;3;2209997854;0;0;0;63;0
1005;7;1;16;7.8;8328;18:52:59.89;0;66.77634;49.76629;1;35.57;0;0;27;0;0;0;2;1;22;3;2209997989;0;0;0;63;0
1001;9;1;20;9.9;2995;18:53:00.64;0;-20.29920;22.02502;1;36.32;0;0;27;0;0;0;2;1;21;3;2209998064;0;0;0;63;0
1009;10;1;18;10.6;1124;18:53:00.74;1;6.49739;9.17462;1;36.43;0;0;27;0;0;0;2;1;23;3;2209998074;0;0;0;63;0
1003;10;1;12;10.1;2594;18:53:02.53;0;25.59254;-4.24134;1;38.22;0;0;27;0;0;0;2;1;24;3;2209998253;0;0;0;63;0
1009;9;1;18;9.6;3827;18:53:02.59;0;17.32866;-34.12575;1;38.27;0;0;27;0;0;1;2;1;24;3;2209998259;0;0;0;63;0
1004;5;1;17;5.5;14104;18:53:04.91;0;85.49102;112.18900;1;40.60;0;0;27;0;0;0;2;1;22;3;2209998491;0;0;0;63;0
1008;6;1;13;6.8;10742;18:53:07.79;0;39.07694;100.06622;1;43.47;0;0;27;0;0;0;2;1;22;3;2209998779;0;0;0;63;0
1004;8;1;17;8.8;5855;18:53:08.09;0;-34.85456;47.05238;1;43.77;0;0;27;0;0;0;2;1;23;3;2209998809;0;0;0;63;0
1003;6;1;12;6.5;11647;18:53:08.08;0;115.01572;18.40882;1;43.77;0;0;27;0;0;1;2;1;25;3;2209998808;0;0;0;63;0
1004;7;1;17;7.4;9302;18:53:10.49;0;-63.27614;68.18687;1;46.17;0;0;27;0;0;1;2;1;24;3;2209999049;0;0;0;63;0
1005;9;1;16;9.4;4464;18:53:11.36;0;29.50834;33.50512;1;47.5;0;0;27;0;0;0;2;1;23;3;2209999136;0;0;0;63;0
1002;3;1;19;3.3;19625;18:53:12.89;0;-195.84754;-12.65104;1;48.57;0;0;27;0;0;0;2;1;23;3;2209999289;0;0;0;63;0
1007;8;1;14;8.9;5612;18:53:13.65;0;-30.52740;-47.09492;1;49.33;0;0;27;0;0;0;2;1;23;3;2209999365;0;0;0;63;0
1005;9;1;16;9.7;3607;18:53:22.95;0;-8.80778;-34.97970;1;58.63;0;0;27;0;0;1;2;1;24;3;2210000295;0;0;0;63;0
1008;7;1;13;7.1;10228;18:53:25.72;0;80.92016;-62.56957;1;61.40;0;0;27;0;0;0;2;1;23;3;2210000572;0;0;0;63;0
1002;9;1;19;9.6;3844;18:53:25.37;0;38.37726;-2.20082;1;61.5;0;0;27;0;0;1;2;1;24;3;2210000537;0;0;0;63;0
1001;8;1;20;8.8;5958;18:53:25.47;0;58.13894;-13.05621;1;61.15;0;0;27;0;0;0;2;1;22;3;2210000547;0;0;0;63;0
1008;5;1;13;5.0;15416;18:53:40.78;0;-3.22941;-154.13487;1;76.46;0;0;27;0;0;1;2;1;24;3;2210002078;0;0;0;63;0
1001;8;1;20;8.1;7506;18:53:46.94;0;-75.03557;2.21683;1;82.62;0;0;27;0;0;0;2;1;23;3;2210002694;0;0;0;63;0
1007;7;1;14;7.8;8352;18:53:49.35;0;70.35493;-45.02710;1;85.3;0;0;27;0;0;1;2;1;24;3;2210002935;0;0;0;63;0
1001;9;1;20;9.1;5059;18:54:06.32;0;49.29564;11.40378;1;102.0;0;0;27;0;0;1;2;1;24;3;2210004632;0;0;0;63;0
1003;10;1;12;10.7;800;18:56:03.65;1;3.48629;7.20681;1;4.56;0;0;27;0;0;0;3;1;28;3;2210016365;0;0;0;63;0
1006;8;1;15;8.6;6272;18:56:05.14;0;53.85299;-32.16405;1;6.4;0;0;27;0;0;0;3;1;27;3;2210016514;0;0;0;63;0
1007;10;1;14;10.4;1624;18:56:06.70;1;16.24442;-0.14016;1;7.60;0;0;27;0;0;0;3;1;27;3;2210016670;0;0;0;63;0
1002;3;1;19;3.1;20009;18:56:06.85;0;148.22681;134.41271;1;7.76;0;0;27;0;0;0;3;1;27;3;2210016685;0;0;0;63;0
1003;7;1;12;7.5;9188;18:56:10.47;0;-30.53709;86.65867;1;11.38;0;0;27;0;0;0;3;1;29;3;2210017047;0;0;0;63;0
1006;0;1;15;0.0;27589;18:56:11.25;0;170.82824;216.64479;1;12.16;0;0;27;0;0;0;3;1;28;3;2210017125;0;0;0;63;0
1005;9;1;16;9.4;4446;18:56:10.13;0;5.81635;-44.08064;1;11.4;0;0;27;0;0;0;3;1;27;3;2210017013;0;0;0;63;0
1001;9;1;20;9.1;5134;18:56:10.38;0;25.24016;44.71518;1;11.28;0;0;27;0;0;0;3;1;27;3;2210017038;0;0;0;63;0
1002;6;1;19;6.8;10807;18:56:11.90;0;-106.18381;-20.15498;1;12.80;0;0;27;0;0;0;3;1;28;3;2210017190;0;0;0;63;0
1008;4;1;13;4.7;16099;18:56:11.86;0;135.83905;-86.42024;1;12.76;0;0;27;0;0;0;3;1;27;3;2210017186;0;0;0;63;0
1009;10;1;18;10.6;1147;18:56:11.63;1;-11.44650;-0.77454;1;12.54;0;0;27;0;0;0;3;1;27;3;2210017163;0;0;0;63;0
1002;4;1;19;4.8;15783;18:56:14.05;0;-44.41125;151.46044;1;14.96;0;0;27;0;0;0;3;1;29;3;2210017405;0;0;0;63;0
1009;9;1;18;9.9;3046;18:56:15.09;0;-24.87133;-17.59034;1;16.0;0;0;27;0;0;0;3;1;28;3;2210017509;0;0;0;63;0
1004;7;1;17;7.1;10097;18:56:15.07;0;-53.23755;85.80498;1;15.97;0;0;27;0;0;0;3;1;27;3;2210017507;0;0;0;63;0
1003;9;1;12;9.7;3730;18:56:16.28;0;6.44771;36.74834;1;17.19;0;0;27;0;0;0;3;1;30;3;2210017628;0;0;0;63;0
1002;8;1;19;8.7;6142;18:56:16.62;0;16.85124;59.06969;1;17.53;0;0;27;0;0;0;3;1;30;3;2210017662;0;0;0;63;0
1007;7;1;14;7.9;8021;18:56:17.31;0;-36.04238;-71.66535;1;18.21;0;0;27;0;0;0;3;1;28;3;2210017731;0;0;0;63;0
1002;8;1;19;8.5;6638;18:56:18.89;0;-22.13521;62.58705;1;19.79;0;0;27;0;0;1;3;1;31;3;2210017889;0;0;0;63;0
1006;9;1;15;9.5;4068;18:56:19.77;0;37.54481;-15.67317;1;20.68;0;0;27;0;0;0;3;1;29;3;2210017977;0;0;0;63;0
1004;7;1;17;7.5;8999;18:56:22.42;0;-87.56408;20.78817;1;23.33;0;0;27;0;0;0;3;1;28;3;2210018242;0;0;0;63;0
1003;7;1;12;7.5;9090;18:56:23.19;0;5.86943;90.71974;1;24.9;0;0;27;0;0;0;3;1;31;3;2210018319;0;0;0;63;0
1006;3;1;15;3.7;18583;18:56:24.13;0;-85.84213;-164.82326;1;25.4;0;0;27;0;0;0;3;1;30;3;2210018413;0;0;0;63;0
1006;9;1;15;9.4;4256;18:56:28.74;0;-25.86916;-33.79989;1;29.65;0;0;27;0;0;1;3;1;31;3;2210018874;0;0;0;63;0
1008;10;1;13;10.0;2837;18:56:29.13;0;-28.17024;-3.39768;1;30.3;0;0;27;0;0;0;3;1;28;3;2210018913;0;0;0;63;0
1005;8;1;16;8.2;7386;18:56:29.40;0;67.76866;29.37866;1;30.30;0;0;27;0;0;0;3;1;28;3;2210018940;0;0;0;63;0
1003;8;1;12;8.5;6685;18:56:30.57;0;-61.10436;27.12012;1;31.47;0;0;27;0;0;1;3;1;32;3;2210019057;0;0;0;63;0
1007;10;1;14;10.5;1238;18:56:31.12;1;5.37544;-11.15530;1;32.3;0;0;27;0;0;0;3;1;29;3;2210019112;0;0;0;63;0
1004;9;1;17;9.2;4886;18:56:31.93;0;19.08621;-44.97870;1;32.83;0;0;27;0;0;0;3;1;29;3;2210019193;0;0;0;63;0
1009;9;1;18;9.5;4227;18:56:34.95;0;-15.06129;-39.50225;1;35.86;0;0;27;0;0;0;3;1;29;3;2210019495;0;0;0;63;0
1009;10;1;18;10.4;1676;18:56:37.12;1;-10.42919;-13.12137;1;38.3;0;0;27;0;0;0;3;1;30;3;2210019712;0;0;0;63;0
1009;7;1;18;7.9;8019;18:56:38.93;0;-49.12202;-63.39598;1;39.83;0;0;27;0;0;1;3;1;31;3;2210019893;0;0;0;63;0
1001;8;1;20;8.9;5597;18:56:39.95;0;55.97179;-0.32644;1;40.85;0;0;27;0;0;0;3;1;28;3;2210019995;0;0;0;63;0
1005;8;1;16;8.7;6131;18:56:42.67;0;45.71238;-40.86728;1;43.57;0;0;27;0;0;0;3;1;29;3;2210020267;0;0;0;63;0
1004;1;1;17;1.8;23335;18:56:44.98;0;204.92782;111.62255;1;45.88;0;0;27;0;0;0;3;1;30;3;2210020498;0;0;0;63;0
1008;6;1;13;6.9;10508;18:56:45.36;0;-89.49664;55.08398;1;46.26;0;0;27;0;0;0;3;1;29;3;2210020536;0;0;0;63;0
1007;8;1;14;8.7;6136;18:56:48.49;0;47.87868;-38.37940;1;49.39;0;0;27;0;0;0;3;1;30;3;2210020849;0;0;0;63;0
1004;7;1;17;7.7;8616;18:56:53.96;0;84.02071;-19.12414;1;54.86;0;0;27;0;0;1;3;1;31;3;2210021396;0;0;0;63;0
1005;8;1;16;8.6;6237;18:56:56.64;0;38.62109;48.98147;1;57.55;0;0;27;0;0;0;3;1;30;3;2210021664;0;0;0;63;0
1001;8;1;20;8.6;6436;18:56:59.11;0;-34.27955;54.47296;1;60.1;0;0;27;0;0;0;3;1;29;3;2210021911;0;0;0;63;0
1008;9;1;13;9.8;3358;18:57:00.78;0;-24.80311;22.64997;1;61.69;0;0;27;0;0;0;3;1;30;3;2210022078;0;0;0;63;0
1007;8;1;14;8.5;6632;18:57:08.53;0;59.15386;-30.00227;1;69.43;0;0;27;0;0;1;3;1;31;3;2210022853;0;0;0;63;0
1005;5;1;16;5.5;14225;18:57:12.53;0;126.11045;65.81337;1;73.43;0;0;27;0;0;1;3;1;31;3;2210023253;0;0;0;63;0
1008;9;1;13;9.4;4450;18:57:18.37;0;-24.12988;37.39388;1;79.28;0;0;27;0;0;1;3;1;31;3;2210023837;0;0;0;63;0
1001;10;1;20;10.5;1434;18:57:22.06;1;2.47857;-14.13178;1;82.97;0;0;27;0;0;0;3;1;30;3;2210024206;0;0;0;63;0
1001;8;1;20;8.9;5563;18:57:45.72;0;-47.56840;28.84390;1;106.62;0;0;27;0;0;1;3;1;31;3;2210026572;0;0;0;63;0
1003;7;1;12;7.9;8081;18:59:27.13;0;-32.04752;74.19027;1;5.48;0;0;27;0;0;0;4;1;35;3;2210036713;0;0;0;63;0
1006;6;1;15;6.5;11568;18:59:28.99;0;-68.01888;-93.57715;1;7.34;0;0;27;0;0;0;4;1;34;3;2210036899;0;0;0;63;0
1002;9;1;19;9.2;4945;18:59:29.06;0;-47.45076;-13.93005;1;7.41;0;0;27;0;0;0;4;1;34;3;2210036906;0;0;0;63;0
1004;8;1;17;8.1;7690;18:59:29.74;0;51.53652;57.08290;1;8.9;0;0;27;0;0;0;4;1;34;3;2210036974;0;0;0;63;0
1005;6;1;16;6.3;11986;18:59:32.14;0;99.68992;66.55344;1;10.49;0;0;27;0;0;0;4;1;34;3;2210037214;0;0;0;63;0
1006;4;1;15;4.7;16135;18:59:33.82;0;-52.85307;-152.45761;1;12.17;0;0;27;0;0;0;4;1;35;3;2210037382;0;0;0;63;0
1003;6;1;12;6.3;12204;18:59:35.78;0;-22.99078;119.86149;1;14.13;0;0;27;0;0;0;4;1;36;3;2210037578;0;0;0;63;0
1008;7;1;13;7.7;8656;18:59:35.16;0;48.35887;71.79888;1;13.52;0;0;27;0;0;0;4;1;34;3;2210037516;0;0;0;63;0
1006;6;1;15;6.4;11903;18:59:36.08;0;-119.00799;2.50513;1;14.44;0;0;27;0;0;0;4;1;36;3;2210037608;0;0;0;63;0
1004;6;1;17;6.9;10595;18:59:36.73;0;105.94498;1.62756;1;15.9;0;0;27;0;0;0;4;1;35;3;2210037673;0;0;0;63;0
1001;9;1;20;9.9;3137;18:59:36.80;0;-27.28923;15.48953;1;15.16;0;0;27;0;0;0;4;1;34;3;2210037680;0;0;0;63;0
1006;9;1;15;9.2;4805;18:59:38.27;0;-36.34236;31.43732;1;16.62;0;0;27;0;0;0;4;1;37;3;2210037827;0;0;0;63;0
1007;10;1;14;10.0;2856;18:59:40.18;0;-21.15492;-19.19387;1;18.53;0;0;27;0;0;0;4;1;34;3;2210038018;0;0;0;63;0
1006;10;1;15;10.1;2601;18:59:42.27;0;15.61938;20.80486;1;20.62;0;0;27;0;0;1;4;1;38;3;2210038227;0;0;0;63;0
1003;6;1;12;6.5;11507;18:59:43.75;0;-63.21591;96.15438;1;22.10;0;0;27;0;0;0;4;1;37;3;2210038375;0;0;0;63;0
1004;5;1;17;5.5;14095;18:59:43.80;0;135.46376;-38.96447;1;22.16;0;0;27;0;0;0;4;1;36;3;2210038380;0;0;0;63;0
1009;9;1;18;9.7;3727;18:59:42.75;0;-27.93179;-24.69002;1;21.11;0;0;27;0;0;0;4;1;34;3;2210038275;0;0;0;63;0
1005;8;1;16;8.0;7798;18:59:44.64;0;-41.34997;66.12212;1;22.99;0;0;27;0;0;0;4;1;35;3;2210038464;0;0;0;63;0
1002;6;1;19;6.0;12876;18:59:44.28;0;60.69455;-113.55843;1;22.63;0;0;27;0;0;0;4;1;35;3;2210038428;0;0;0;63;0
1009;10;1;18;10.0;2964;18:59:45.74;0;27.64030;10.70267;1;24.10;0;0;27;0;0;0;4;1;35;3;2210038574;0;0;0;63;0
1003;7;1;12;7.7;8650;18:59:46.69;0;-82.93685;24.58778;1;25.4;0;0;27;0;0;0;4;1;38;3;2210038669;0;0;0;63;0
1008;5;1;13;5.9;13071;18:59:49.20;0;-129.88035;-14.70465;1;27.56;0;0;27;0;0;0;4;1;35;3;2210038920;0;0;0;63;0
1007;9;1;14;9.6;3879;18:59:55.91;0;2.03437;-38.74231;1;34.27;0;0;27;0;0;0;4;1;35;3;2210039591;0;0;0;63;0
1003;7;1;12;7.5;9019;18:59:57.54;0;15.24403;88.89475;1;35.90;0;0;27;0;0;1;4;1;39;3;2210039754;0;0;0;63;0
1002;8;1;19;8.1;7617;18:59:57.86;0;-69.67402;30.78012;1;36.22;0;0;27;0;0;0;4;1;36;3;2210039786;0;0;0;63;0
1005;9;1;16;9.1;5054;18:59:58.39;0;-3.52481;50.41761;1;36.75;0;0;27;0;0;0;4;1;36;3;2210039839;0;0;0;63;0
1001;10;1;20;10.5;1480;19:00:00.11;1;1.57661;14.71979;1;38.47;0;0;27;0;0;0;4;1;35;3;2210040011;0;0;0;63;0
1004;4;1;17;4.7;16151;19:00:02.04;0;91.83405;132.86686;1;40.39;0;0;27;0;0;0;4;1;37;3;2210040204;0;0;0;63;0
1008;8;1;13;8.8;5755;19:00:04.29;0;-3.09706;57.47648;1;42.64;0;0;27;0;0;0;4;1;36;3;2210040429;0;0;0;63;0
1009;9;1;18;9.8;3264;19:00:04.21;0;30.53136;-11.55120;1;42.57;0;0;27;0;0;0;4;1;36;3;2210040421;0;0;0;63;0
1009;10;1;18;10.1;2430;19:00:06.30;0;-21.14274;11.99385;1;44.66;0;0;27;0;0;0;4;1;37;3;2210040630;0;0;0;63;0
1007;8;1;14;8.4;6783;19:00:07.43;0;-66.55041;-13.13201;1;45.79;0;0;27;0;0;0;4;1;36;3;2210040743;0;0;0;63;0
1004;5;1;17;5.5;14211;19:00:12.01;0;-98.27783;-102.65104;1;50.36;0;0;27;0;0;1;4;1;38;3;2210041201;0;0;0;63;0
1002;4;1;19;4.7;16011;19:00:12.68;0;-155.55099;-37.97632;1;51.4;0;0;27;0;0;0;4;1;37;3;2210041268;0;0;0;63;0
1005;9;1;16;9.6;3980;19:00:14.26;0;-34.93427;-19.07575;1;52.62;0;0;27;0;0;0;4;1;37;3;2210041426;0;0;0;63;0
1008;7;1;13;7.5;9055;19:00:20.46;0;86.17122;-27.81771;1;58.81;0;0;27;0;0;0;4;1;37;3;2210042046;0;0;0;63;0
1007;10;1;14;10.3;2054;19:00:22.25;0;-16.26468;-12.55931;1;60.61;0;0;27;0;0;0;4;1;37;3;2210042225;0;0;0;63;0
1009;10;1;18;10.3;1992;19:00:24.75;0;-15.20863;12.86620;1;63.11;0;0;27;0;0;1;4;1;38;3;2210042475;0;0;0;63;0
1002;5;1;19;5.2;14927;19:00:24.75;0;-110.99271;99.81503;1;63.11;0;0;27;0;0;1;4;1;38;3;2210042475;0;0;0;63;0
1005;8;1;16;8.4;6961;19:00:28.32;0;69.60908;-0.40482;1;66.67;0;0;27;0;0;1;4;1;38;3;2210042832;0;0;0;63;0
1001;8;1;20;8.0;7811;19:00:30.56;0;-60.55237;49.35716;1;68.91;0;0;27;0;0;0;4;1;36;3;2210043056;0;0;0;63;0
1008;7;1;13;7.5;9178;19:00:34.61;0;50.35121;76.74692;1;72.96;0;0;27;0;0;1;4;1;38;3;2210043461;0;0;0;63;0
1007;10;1;14;10.0;2869;19:00:40.43;0;22.00590;-18.42171;1;78.78;0;0;27;0;0;1;4;1;38;3;2210044043;0;0;0;63;0
1001;8;1;20;8.9;5653;19:00:51.37;0;-7.34371;56.05760;1;89.72;0;0;27;0;0;0;4;1;37;3;2210045137;0;0;0;63;0
1001;10;1;20;10.0;2875;19:01:09.98;0;-28.69563;-1.80973;1;108.34;0;0;27;0;0;1;4;1;38;3;2210046998;0;0;0;63;0
1003;9;1;12;9.3;4526;19:03:38.37;0;31.01291;32.97098;1;4.27;0;0;27;0;0;0;5;1;42;3;2210061837;0;0;0;63;0
1006;8;1;15;8.6;6374;19:03:39.49;0;26.14659;-58.13374;1;5.39;0;0;27;0;0;0;5;1;41;3;2210061949;0;0;0;63;0
1007;9;1;14;9.1;5193;19:03:41.24;0;-51.93018;0.42839;1;7.14;0;0;27;0;0;0;5;1;41;3;2210062124;0;0;0;63;0
1002;9;1;19;9.8;3450;19:03:41.06;0;33.26379;9.17082;1;6.96;0;0;27;0;0;0;5;1;41;3;2210062106;0;0;0;63;0
1006;9;1;15;9.0;5465;19:03:43.79;0;-29.01818;46.31294;1;9.69;0;0;27;0;0;0;5;1;42;3;2210062379;0;0;0;63;0
1008;10;1;13;10.1;2467;19:03:44.83;0;-24.48043;3.11172;1;10.74;0;0;27;0;0;0;5;1;41;3;2210062483;0;0;0;63;0
1006;6;1;15;6.0;12739;19:03:45.83;0;118.26315;-47.35596;1;11.73;0;0;27;0;0;0;5;1;43;3;2210062583;0;0;0;63;0
1004;3;1;17;3.2;19934;19:03:45.27;0;134.89257;146.77505;1;11.17;0;0;27;0;0;0;5;1;41;3;2210062527;0;0;0;63;0
1005;8;1;16;8.1;7503;19:03:45.93;0;53.37506;52.73693;1;11.83;0;0;27;0;0;0;5;1;41;3;2210062593;0;0;0;63;0
1003;7;1;12;7.1;10110;19:03:47.79;0;96.82486;-29.11513;1;13.69;0;0;27;0;0;0;5;1;43;3;2210062779;0;0;0;63;0
1006;7;1;15;7.9;8166;19:03:48.37;0;33.40278;-74.51612;1;14.27;0;0;27;0;0;0;5;1;44;3;2210062837;0;0;0;63;0
1001;9;1;20;9.8;3277;19:03:48.81;0;-30.37161;12.31017;1;14.71;0;0;27;0;0;0;5;1;41;3;2210062881;0;0;0;63;0
1006;8;1;15;8.5;6568;19:03:50.70;0;-65.61203;-3.18055;1;16.60;0;0;27;0;0;1;5;1;45;3;2210063070;0;0;0;63;0
1009;9;1;18;9.0;5410;19:03:50.05;0;52.31086;-13.83513;1;15.95;0;0;27;0;0;0;5;1;41;3;2210063005;0;0;0;63;0
1009;10;1;18;10.0;2871;19:03:53.55;0;-15.42194;24.22186;1;19.45;0;0;27;0;0;0;5;1;42;3;2210063355;0;0;0;63;0
1004;6;1;17;6.4;11735;19:03:54.79;0;23.81223;114.91235;1;20.68;0;0;27;0;0;0;5;1;42;3;2210063479;0;0;0;63;0
1007;8;1;14;8.3;7025;19:03:57.55;0;70.20000;-2.75035;1;23.45;0;0;27;0;0;0;5;1;42;3;2210063755;0;0;0;63;0
1002;0;1;19;0.0;32919;19:03:57.22;0;324.57209;-54.97828;1;23.12;0;0;27;0;0;0;5;1;42;3;2210063722;0;0;0;63;0
1003;6;1;12;6.6;11294;19:03:58.38;0;111.10833;20.30613;1;24.29;0;0;27;0;0;0;5;1;44;3;2210063838;0;0;0;63;0
1008;7;1;13;7.3;9611;19:04:00.50;0;-71.43332;64.30187;1;26.40;0;0;27;0;0;0;5;1;42;3;2210064050;0;0;0;63;0
1004;4;1;17;4.5;16727;19:04:01.21;0;43.97510;-161.39275;1;27.11;0;0;27;0;0;0;5;1;43;3;2210064121;0;0;0;63;0
1005;8;1;16;8.4;6761;19:04:04.41;0;-3.03793;67.55131;1;30.31;0;0;27;0;0;0;5;1;42;3;2210064441;0;0;0;63;0
1004;0;1;17;0.0;26565;19:04:03.87;0;206.34349;-167.31189;1;29.77;0;0;27;0;0;0;5;1;44;3;2210064387;0;0;0;63;0
1003;9;1;12;9.4;4328;19:04:06.01;0;43.26136;1.54663;1;31.91;0;0;27;0;0;0;5;1;45;3;2210064601;0;0;0;63;0
1004;0;1;17;0.0;52514;19:04:07.30;0;-345.88504;-395.14339;1;33.20;0;0;27;0;0;1;5;1;45;3;2210064730;0;0;0;63;0
1007;10;1;14;10.4;1549;19:04:09.50;1;-14.29296;-5.99459;1;35.40;0;0;27;0;0;0;5;1;43;3;2210064950;0;0;0;63;0
1002;4;1;19;4.5;16683;19:04:11.99;0;-163.67751;32.31562;1;37.89;0;0;27;0;0;0;5;1;43;3;2210065199;0;0;0;63;0
1002;8;1;19;8.2;7251;19:04:13.46;0;-72.21054;6.63669;1;39.36;0;0;27;0;0;0;5;1;44;3;2210065346;0;0;0;63;0
1002;0;1;19;0.0;31146;19:04:14.88;0;-298.97326;-87.31524;1;40.78;0;0;27;0;0;1;5;1;45;3;2210065488;0;0;0;63;0
1008;5;1;13;5.0;15387;19:04:15.61;0;147.11942;45.10017;1;41.51;0;0;27;0;0;0;5;1;43;3;2210065561;0;0;0;63;0
1003;8;1;12;8.9;5683;19:04:16.01;0;18.98569;53.57426;1;41.91;0;0;27;0;0;1;5;1;46;3;2210065601;0;0;0;63;0
1001;8;1;20;8.1;7669;19:04:16.11;0;-76.61843;-3.44221;1;42.1;0;0;27;0;0;0;5;1;42;3;2210065611;0;0;0;63;0
1005;8;1;16;8.2;7430;19:04:17.51;0;-6.70492;-73.99897;1;43.41;0;0;27;0;0;0;5;1;43;3;2210065751;0;0;0;63;0
1009;8;1;18;8.7;6060;19:04:18.97;0;45.05944;40.53020;1;44.87;0;0;27;0;0;0;5;1;43;3;2210065897;0;0;0;63;0
1009;10;1;18;10.1;2556;19:04:21.46;0;-8.76350;24.01311;1;47.35;0;0;27;0;0;0;5;1;44;3;2210066146;0;0;0;63;0
1007;10;1;14;10.1;2530;19:04:24.35;0;12.20120;-22.16378;1;50.25;0;0;27;0;0;0;5;1;44;3;2210066435;0;0;0;63;0
1005;6;1;16;6.7;11054;19:04:27.67;0;92.37280;60.72691;1;53.57;0;0;27;0;0;0;5;1;44;3;2210066767;0;0;0;63;0
1008;6;1;13;6.9;10608;19:04:33.55;0;90.67176;-55.07565;1;59.45;0;0;27;0;0;0;5;1;44;3;2210067355;0;0;0;63;0
1007;9;1;14;9.8;3336;19:04:39.68;0;-31.90070;9.77625;1;65.58;0;0;27;0;0;1;5;1;45;3;2210067968;0;0;0;63;0
1005;5;1;16;5.0;15299;19:04:40.33;0;150.53850;-27.29382;1;66.23;0;0;27;0;0;1;5;1;45;3;2210068033;0;0;0;63;0
1001;7;1;20;7.7;8701;19:04:40.53;0;-29.81277;81.74644;1;66.43;0;0;27;0;0;0;5;1;43;3;2210068053;0;0;0;63;0
1009;9;1;18;9.4;4455;19:04:43.97;0;34.26680;-28.47733;1;69.87;0;0;27;0;0;1;5;1;45;3;2210068397;0;0;0;63;0
1008;10;1;13;10.4;1755;19:04:44.38;0;14.10964;-10.44831;1;70.28;0;0;27;0;0;1;5;1;45;3;2210068438;0;0;0;63;0
1001;7;1;20;7.1;10067;19:04:59.45;0;-86.84257;50.92223;1;85.35;0;0;27;0;0;0;5;1;44;3;2210069945;0;0;0;63;0
1001;10;1;20;10.0;2822;19:05:17.61;0;18.18660;21.58993;1;103.51;0;0;27;0;0;1;5;1;45;3;2210071761;0;0;0;63;0
1004;6;1;17;6.1;12674;19:07:00.53;0;-126.05062;13.24430;1;5.38;0;0;27;0;0;0;6;1;48;3;2210082053;0;0;0;63;0
1002;6;1;19;6.0;12808;19:07:02.02;0;-127.92113;6.42694;1;6.87;0;0;27;0;0;0;6;1;48;3;2210082202;0;0;0;63;0
1003;9;1;12;9.6;3850;19:07:02.51;0;8.40003;37.57286;1;7.36;0;0;27;0;0;0;6;1;49;3;2210082251;0;0;0;63;0
1007;10;1;14;10.0;2796;19:07:02.34;0;-22.99880;-15.90161;1;7.19;0;0;27;0;0;0;6;1;48;3;2210082234;0;0;0;63;0
1004;4;1;17;4.2;17408;19:07:03.95;0;157.60188;73.94407;1;8.80;0;0;27;0;0;0;6;1;49;3;2210082395;0;0;0;63;0
1002;8;1;19;8.7;6166;19:07:03.98;0;-54.85706;-28.17095;1;8.84;0;0;27;0;0;0;6;1;49;3;2210082398;0;0;0;63;0
1005;9;1;16;9.1;5217;19:07:04.80;0;51.40441;8.94893;1;9.65;0;0;27;0;0;0;6;1;48;3;2210082480;0;0;0;63;0
1002;9;1;19;9.4;4331;19:07:05.38;0;23.21554;-36.57119;1;10.23;0;0;27;0;0;0;6;1;50;3;2210082538;0;0;0;63;0
1008;4;1;13;4.0;17928;19:07:05.93;0;-84.78083;-157.97372;1;10.78;0;0;27;0;0;0;6;1;48;3;2210082593;0;0;0;63;0
1004;7;1;17;7.6;8832;19:07:07.13;0;-52.73203;70.85630;1;11.98;0;0;27;0;0;0;6;1;50;3;2210082713;0;0;0;63;0
1002;6;1;19;6.7;11106;19:07:06.95;0;-110.45645;11.65190;1;11.81;0;0;27;0;0;0;6;1;51;3;2210082695;0;0;0;63;0
1001;10;1;20;10.1;2609;19:07:06.52;0;-14.81171;-21.48115;1;11.37;0;0;27;0;0;0;6;1;48;3;2210082652;0;0;0;63;0
1006;0;1;15;0.0;28869;19:07:07.18;0;193.21145;214.51360;1;12.3;0;0;27;0;0;0;6;1;48;3;2210082718;0;0;0;63;0
1003;9;1;12;9.5;4061;19:07:08.55;0;-26.18092;31.05492;1;13.41;0;0;27;0;0;0;6;1;50;3;2210082855;0;0;0;63;0
1006;6;1;15;6.6;11388;19:07:09.17;0;113.32561;11.27151;1;14.2;0;0;27;0;0;0;6;1;49;3;2210082917;0;0;0;63;0
1002;5;1;19;5.1;15017;19:07:08.55;0;-86.26074;122.93236;1;13.41;0;0;27;0;0;7;6;1;52;3;2210082855;0;0;0;63;0
1004;3;1;17;3.0;20365;19:07:10.15;0;-11.92770;-203.30682;1;15.0;0;0;27;0;0;0;6;1;51;3;2210083015;0;0;0;63;0
1009;10;1;18;10.1;2645;19:07:09.98;0;24.94200;8.80452;1;14.83;0;0;27;0;0;0;6;1;48;3;2210082998;0;0;0;63;0
1006;5;1;15;5.2;14974;19:07:11.35;0;144.95790;37.55666;1;16.20;0;0;27;0;0;0;6;1;50;3;2210083135;0;0;0;63;0
1004;0;1;17;0.0;37062;19:07:12.75;0;-260.10209;-264.02113;1;17.60;0;0;27;0;0;7;6;1;52;3;2210083275;0;0;0;63;0
1006;9;1;15;9.5;4047;19:07:13.05;0;11.60874;38.77848;1;17.90;0;0;27;0;0;0;6;1;51;3;2210083305;0;0;0;63;0
1003;7;1;12;7.6;8795;19:07:14.93;0;-14.62328;86.72822;1;19.78;0;0;27;0;0;0;6;1;51;3;2210083493;0;0;0;63;0
1006;8;1;15;8.6;6293;19:07:14.77;0;62.88436;-2.62206;1;19.63;0;0;27;0;0;7;6;1;52;3;2210083477;0;0;0;63;0
1007;6;1;14;6.9;10565;19:07:15.49;0;58.01639;-88.30307;1;20.34;0;0;27;0;0;0;6;1;49;3;2210083549;0;0;0;63;0
1003;7;1;12;7.6;8915;19:07:17.40;0;-79.90601;39.54244;1;22.26;0;0;27;0;0;0;6;1;52;3;2210083740;0;0;0;63;0
1008;4;1;13;4.7;16151;19:07:18.01;0;74.33479;143.38894;1;22.86;0;0;27;0;0;0;6;1;49;3;2210083801;0;0;0;63;0
1005;5;1;16;5.3;14526;19:07:18.64;0;33.93207;141.24466;1;23.49;0;0;27;0;0;0;6;1;49;3;2210083864;0;0;0;63;0
1003;7;1;12;7.7;8690;19:07:23.24;0;-48.36181;72.20171;1;28.9;0;0;27;0;0;7;6;1;53;3;2210084324;0;0;0;63;0
1007;8;1;14;8.8;5818;19:07:29.18;0;18.68243;-55.10087;1;34.3;0;0;27;0;0;0;6;1;50;3;2210084918;0;0;0;63;0
1005;10;1;16;10.6;1177;19:07:28.85;1;-11.67826;-1.49294;1;33.70;0;0;27;0;0;0;6;1;50;3;2210084885;0;0;0;63;0
1009;10;1;18;10.0;2873;19:07:28.93;0;-18.82138;21.71758;1;33.78;0;0;27;0;0;0;6;1;49;3;2210084893;0;0;0;63;0
1008;9;1;13;9.2;4884;19:07:29.49;0;42.57980;23.93352;1;34.34;0;0;27;0;0;0;6;1;50;3;2210084949;0;0;0;63;0
1005;7;1;16;7.7;8576;19:07:40.26;0;-27.53160;-81.22598;1;45.12;0;0;27;0;0;0;6;1;51;3;2210086026;0;0;0;63;0
1008;7;1;13;7.3;9651;19:07:44.99;0;40.65407;87.53859;1;49.84;0;0;27;0;0;0;6;1;51;3;2210086499;0;0;0;63;0
1007;8;1;14;8.4;6824;19:07:45.01;0;-21.16301;-64.88493;1;49.86;0;0;27;0;0;0;6;1;51;3;2210086501;0;0;0;63;0
1001;7;1;20;7.4;9464;19:07:47.83;0;-40.49271;85.54642;1;52.68;0;0;27;0;0;0;6;1;49;3;2210086783;0;0;0;63;0
1009;10;1;18;10.4;1721;19:07:51.28;1;5.13999;-16.43246;1;56.13;0;0;27;0;0;0;6;1;50;3;2210087128;0;0;0;63;0
1005;7;1;16;7.5;9081;19:07:52.50;0;73.07106;-53.92041;1;57.35;0;0;27;0;0;7;6;1;52;3;2210087250;0;0;0;63;0
1008;9;1;13;9.1;5070;19:07:56.60;0;-34.63179;-37.03572;1;61.45;0;0;27;0;0;7;6;1;52;3;2210087660;0;0;0;63;0
1007;9;1;14;9.5;4095;19:07:57.74;0;-15.41063;-37.94881;1;62.59;0;0;27;0;0;7;6;1;52;3;2210087774;0;0;0;63;0
1001;9;1;20;9.9;3106;19:08:06.48;0;-14.78560;27.31583;1;71.33;0;0;27;0;0;0;6;1;50;3;2210088648;0;0;0;63;0
1009;10;1;18;10.2;2183;19:08:09.19;0;-1.13404;21.80461;1;74.4;0;0;27;0;0;0;6;1;51;3;2210088919;0;0;0;63;0
1001;8;1;20;8.7;6040;19:08:23.48;0;-7.23332;59.96948;1;88.33;0;0;27;0;0;0;6;1;51;3;2210090348;0;0;0;63;0
1009;10;1;18;10.1;2498;19:08:26.94;0;0.48287;24.98455;1;91.79;0;0;27;0;0;7;6;1;52;3;2210090694;0;0;0;63;0
1001;9;1;20;9.9;3117;19:08:42.03;0;-26.88129;15.79497;1;106.88;0;0;27;0;0;7;6;1;52;3;2210092203;0;0;0;63;0
1009;9;0;18;9.7;6419;19:15:57.11;0;-59.53181;24.02586;1;2.4;0;0;27;1;0;0;0;0;60;3;2210135711;0;0;0;62;0
1007;9;0;14;9.6;6995;19:15:57.65;0;-63.41454;-29.54524;1;2.59;0;0;27;1;0;0;0;0;60;3;2210135765;0;0;0;62;0
1006;8;0;15;8.9;9785;19:15:57.64;0;-92.60992;31.59441;1;2.58;0;0;27;1;0;0;0;0;60;3;2210135764;0;0;0;62;0
1002;0;0;19;0.0;28269;19:15:57.32;0;-34.90819;280.53549;1;2.26;0;0;27;1;0;0;0;0;60;3;2210135732;0;0;0;62;0
1001;5;0;20;5.2;24618;19:15:57.52;0;18.42968;245.49432;1;2.46;0;0;27;1;0;0;0;0;60;3;2210135752;0;0;0;62;0
1003;9;0;12;9.0;9158;19:15:57.70;0;-80.32843;-43.98793;1;2.64;0;0;27;1;0;0;0;0;61;3;2210135770;0;0;0;62;0
1008;10;0;13;10.0;5442;19:15:58.02;0;-54.40702;1.56836;1;2.95;0;0;27;1;0;0;0;0;60;3;2210135802;0;0;0;62;0
1004;9;0;17;9.0;9209;19:15:58.14;0;-2.96557;-92.05161;1;3.8;0;0;27;1;0;0;0;0;60;3;2210135814;0;0;0;62;0
1005;0;0;16;0;20000;19:15:58.66;0;-114.98569;19.26344;0;0.49;0;0;27;1;0;0;0;0;60;3;2210135866;0;0;0;62;0
1003;9;0;12;9.2;8599;19:16:07.39;0;-49.77482;-70.13106;1;2.23;0;0;27;1;0;0;0;0;62;3;2210136739;0;0;0;62;0
1006;10;0;15;10.4;3186;19:16:07.36;0;-29.16212;-12.85534;1;2.20;0;0;27;1;0;0;0;0;61;3;2210136736;0;0;0;62;0
1004;0;0;17;0.0;43057;19:16:07.20;0;-309.44443;-299.39213;1;2.4;0;0;27;1;0;0;0;0;61;3;2210136720;0;0;0;62;0
1009;8;0;18;8.2;12366;19:16:07.56;0;72.88458;99.90331;1;2.40;0;0;27;1;0;0;0;0;61;3;2210136756;0;0;0;62;0
1002;8;0;19;8.1;12710;19:16:07.68;0;-117.96436;47.31626;1;2.52;0;0;27;1;0;0;0;0;61;3;2210136768;0;0;0;62;0
1008;9;0;13;9.3;8270;19:16:07.84;0;-26.75203;-78.25761;1;2.68;0;0;27;1;0;0;0;0;61;3;2210136784;0;0;0;62;0
1007;6;0;14;6.2;20299;19:16:07.72;0;164.01470;-119.61193;1;2.56;0;0;27;1;0;0;0;0;61;3;2210136772;0;0;0;62;0
1001;9;0;20;9.3;8209;19:16:07.74;0;-15.94793;80.52729;1;2.58;0;0;27;1;0;0;0;0;61;3;2210136774;0;0;0;62;0
1005;7;0;16;7.2;16315;19:16:17.49;0;-147.08042;70.61911;1;2.23;0;0;27;1;0;0;0;0;61;3;2210137749;0;0;0;62;0
1004;6;0;17;6.2;20522;19:16:17.22;0;-204.72287;-14.33364;1;1.96;0;0;27;1;0;0;0;0;62;3;2210137722;0;0;0;62;0
1009;9;0;18;9.7;6625;19:16:17.20;0;-50.36016;43.05683;1;1.94;0;0;27;1;0;0;0;0;62;3;2210137720;0;0;0;62;0
1002;5;0;19;5.2;24438;19:16:17.54;0;-89.75889;227.30298;1;2.27;0;0;27;1;0;0;0;0;62;3;2210137754;0;0;0;62;0
1008;7;0;13;7.5;15190;19:16:17.57;0;-43.36475;145.58414;1;2.30;0;0;27;1;0;0;0;0;62;3;2210137757;0;0;0;62;0
1007;6;0;14;6.5;19247;19:16:17.78;0;-36.80763;-188.92664;1;2.52;0;0;27;1;0;0;0;0;62;3;2210137778;0;0;0;62;0
1006;9;0;15;9.8;6092;19:16:17.81;0;52.88300;30.24540;1;2.55;0;0;27;1;0;0;0;0;62;3;2210137781;0;0;0;62;0
1001;8;0;20;8.8;9960;19:16:18.04;0;39.25026;91.54123;1;2.77;0;0;27;1;0;0;0;0;62;3;2210137804;0;0;0;62;0
1003;6;0;12;6.8;18105;19:16:27.60;0;-179.90260;20.41089;1;2.23;0;0;27;1;0;0;0;0;63;3;2210138760;0;0;0;62;0
1008;5;0;13;5.6;22836;19:16:27.49;0;170.37803;152.05857;1;2.13;0;0;27;1;0;0;0;0;63;3;2210138749;0;0;0;62;0
1007;8;0;14;8.6;10862;19:16:27.73;0;16.80825;-107.31521;1;2.37;0;0;27;1;0;0;0;0;63;3;2210138773;0;0;0;62;0
1005;9;0;16;9.7;6461;19:16:27.63;0;-32.37044;-55.91945;1;2.27;0;0;27;1;0;0;0;0;62;3;2210138763;0;0;0;62;0
1009;8;0;18;8.8;9894;19:16:27.34;0;-96.36503;-22.45293;1;1.97;0;0;27;1;0;0;0;0;63;3;2210138734;0;0;0;62;0
1002;5;0;19;5.4;23495;19:16:27.60;0;-191.24894;136.48964;1;2.23;0;0;27;1;0;0;0;0;63;3;2210138760;0;0;0;62;0
1001;7;0;20;7.1;16753;19:16:27.81;0;19.84570;166.35536;1;2.45;0;0;27;1;0;0;0;0;63;3;2210138781;0;0;0;62;0
1006;6;0;15;6.0;21320;19:16:27.83;0;-213.15777;4.25679;1;2.46;0;0;27;1;0;0;0;0;63;3;2210138783;0;0;0;62;0
1003;9;0;12;9.0;9478;19:16:37.90;0;-93.68135;-14.39322;1;2.43;0;0;27;1;0;1;0;0;64;3;2210139790;0;0;0;62;0
1007;8;0;14;8.7;10631;19:16:37.81;0;13.87305;-105.40291;1;2.34;0;0;27;1;0;1;0;0;64;3;2210139781;0;0;0;62;0
1006;10;0;15;10.0;5053;19:16:37.91;0;-10.60627;-49.40762;1;2.44;0;0;27;1;0;1;0;0;64;3;2210139791;0;0;0;62;0
1004;6;0;17;6.1;20684;19:16:37.61;0;98.12991;-182.08240;1;2.15;0;0;27;1;0;1;0;0;63;3;2210139761;0;0;0;62;0
1009;6;0;18;6.6;18987;19:16:37.46;0;-67.85282;177.33692;1;1.99;0;0;27;1;0;1;0;0;64;3;2210139746;0;0;0;62;0
1002;5;0;19;5.7;22569;19:16:37.60;0;135.80549;180.26567;1;2.13;0;0;27;1;0;1;0;0;64;3;2210139760;0;0;0;62;0
1001;8;0;20;8.0;13350;19:16:37.93;0;-93.16657;95.61627;1;2.47;0;0;27;1;0;1;0;0;64;3;2210139793;0;0;0;62;0
1008;0;0;13;0.0;27865;19:16:38.06;0;41.29320;275.58324;1;2.59;0;0;27;1;0;1;0;0;64;3;2210139806;0;0;0;62;0
1005;10;0;16;10.2;4024;19:16:37.96;0;39.97963;-4.59320;1;2.49;0;0;27;1;0;1;0;0;63;3;2210139796;0;0;0;62;0
1003;10;1;12;10.0;5156;19:18:43.54;0;10.68732;50.44903;1;2.23;0;0;27;1;0;0;1;1;67;3;2210152354;0;0;0;62;0
1008;6;1;13;6.5;19292;19:18:43.59;0;-37.65526;189.21623;1;2.28;0;0;27;1;0;0;1;1;67;3;2210152359;0;0;0;62;0
1007;8;1;14;8.8;10089;19:18:43.57;0;-37.65941;93.60235;1;2.26;0;0;27;1;0;0;1;1;67;3;2210152357;0;0;0;62;0
1009;8;1;18;8.8;9933;19:18:43.44;0;-49.54582;-86.10183;1;2.13;0;0;27;1;0;0;1;1;67;3;2210152344;0;0;0;62;0
1002;7;1;19;7.2;16288;19:18:43.46;0;-157.26307;42.43350;1;2.16;0;0;27;1;0;0;1;1;67;3;2210152346;0;0;0;62;0
1001;6;1;20;6.6;18888;19:18:43.64;0;-43.79165;183.73568;1;2.33;0;0;27;1;0;0;1;1;67;3;2210152364;0;0;0;62;0
1006;8;1;15;8.4;11734;19:18:43.68;0;-70.83132;-93.55841;1;2.37;0;0;27;1;0;0;1;1;67;3;2210152368;0;0;0;62;0
1004;8;1;17;8.5;11370;19:18:43.51;0;-29.94926;109.69390;1;2.20;0;0;27;1;0;0;1;1;66;3;2210152351;0;0;0;62;0
1004;0;1;17;0.0;27635;19:18:53.36;0;-216.08213;-172.28366;1;1.95;0;0;27;1;0;0;1;1;67;3;2210153336;0;0;0;62;0
1002;5;1;19;5.6;22897;19:18:53.25;0;-42.37273;-225.02281;1;1.84;0;0;27;1;0;0;1;1;68;3;2210153325;0;0;0;62;0
1003;6;1;12;6.4;19654;19:18:53.48;0;-15.85354;195.90130;1;2.7;0;0;27;1;0;0;1;1;68;3;2210153348;0;0;0;62;0
1008;0;1;13;0.0;26732;19:18:54.06;0;-190.39814;187.64296;1;2.65;0;0;27;1;0;0;1;1;68;3;2210153406;0;0;0;62;0
1007;8;1;14;8.3;12047;19:18:53.57;0;-105.87504;57.47634;1;2.16;0;0;27;1;0;0;1;1;68;3;2210153357;0;0;0;62;0
1009;10;1;18;10.0;5089;19:18:53.61;0;15.02109;48.62588;1;2.20;0;0;27;1;0;0;1;1;68;3;2210153361;0;0;0;62;0
1001;8;1;20;8.6;10891;19:18:54.01;0;-0.58682;108.91016;1;2.60;0;0;27;1;0;0;1;1;68;3;2210153401;0;0;0;62;0
1005;5;1;16;5.8;21912;19:18:53.52;0;-194.22604;-101.44231;1;2.10;0;0;27;1;0;0;1;1;66;3;2210153352;0;0;0;62;0
1004;0;1;17;0.0;26691;19:19:03.41;0;-7.52410;266.81018;1;1.89;0;0;27;1;0;0;1;1;68;3;2210154341;0;0;0;62;0
1009;9;1;18;9.9;5579;19:19:03.68;0;-42.87580;35.70822;1;2.17;0;0;27;1;0;0;1;1;69;3;2210154368;0;0;0;62;0
1002;8;1;19;8.1;12718;19:19:03.35;0;113.30986;-57.76715;1;1.85;0;0;27;1;0;0;1;1;69;3;2210154335;0;0;0;62;0
1003;5;1;12;5.8;22167;19:19:04.22;0;213.39996;60.01449;1;2.71;0;0;27;1;0;0;1;1;69;3;2210154422;0;0;0;62;0
1008;0;1;13;0.0;29615;19:19:03.82;0;-54.52242;291.09496;1;2.31;0;0;27;1;0;0;1;1;69;3;2210154382;0;0;0;62;0
1007;10;1;14;10.4;2825;19:19:03.93;1;-25.42388;-12.33146;1;2.42;0;0;27;1;0;0;1;1;69;3;2210154393;0;0;0;62;0
1006;10;1;15;10.4;2767;19:19:04.21;1;-26.63153;-7.51789;1;2.70;0;0;27;1;0;0;1;1;68;3;2210154421;0;0;0;62;0
1005;8;1;16;8.1;12816;19:19:03.70;0;96.97660;83.79019;1;2.19;0;0;27;1;0;0;1;1;67;3;2210154370;0;0;0;62;0
1001;8;1;20;8.1;12968;19:19:04.20;0;42.22072;122.61970;1;2.69;0;0;27;1;0;0;1;1;69;3;2210154420;0;0;0;62;0
1003;9;1;12;9.3;8201;19:19:13.72;0;-71.38306;40.37854;1;2.10;0;0;27;1;0;0;1;1;70;3;2210155372;0;0;0;62;0
1007;7;1;14;7.9;13491;19:19:13.89;0;-119.05842;-63.46092;1;2.28;0;0;27;1;0;0;1;1;70;3;2210155389;0;0;0;62;0
1005;5;1;16;5.5;23418;19:19:13.79;0;115.47624;-203.73200;1;2.17;0;0;27;1;0;0;1;1;68;3;2210155379;0;0;0;62;0
1004;0;1;17;0.0;55398;19:19:13.46;0;-471.84840;-290.27069;1;1.85;0;0;27;1;0;0;1;1;69;3;2210155346;0;0;0;62;0
1009;8;1;18;8.0;13318;19:19:13.58;0;-116.91493;-63.77991;1;1.97;0;0;27;1;0;0;1;1;70;3;2210155358;0;0;0;62;0
1002;0;1;19;0.0;27924;19:19:13.54;0;-279.12000;-8.35979;1;1.93;0;0;27;1;0;0;1;1;70;3;2210155354;0;0;0;62;0
1001;5;1;20;5.7;22402;19:19:13.70;0;80.27867;209.14529;1;2.8;0;0;27;1;0;0;1;1;70;3;2210155370;0;0;0;62;0
1008;7;1;13;7.0;17365;19:19:14.15;0;161.34198;-64.21366;1;2.54;0;0;27;1;0;0;1;1;70;3;2210155415;0;0;0;62;0
1006;10;1;15;10.1;4822;19:19:14.39;0;-47.76281;-6.65840;1;2.78;0;0;27;1;0;0;1;1;69;3;2210155439;0;0;0;62;0
1003;9;1;12;9.1;9071;19:19:23.64;0;-20.77895;-88.29961;1;1.92;0;0;27;1;0;1;1;1;71;3;2210156364;0;0;0;62;0
1007;5;1;14;5.0;25096;19:19:23.93;0;-76.55650;-238.99986;1;2.21;0;0;27;1;0;1;1;1;71;3;2210156393;0;0;0;62;0
1006;6;1;15;6.9;17543;19:19:24.27;0;157.85417;-76.55153;1;2.56;0;0;27;1;0;0;1;1;70;3;2210156427;0;0;0;62;0
1005;5;1;16;5.3;23954;19:19:23.91;0;84.88854;-224.00327;1;2.20;0;0;27;1;0;0;1;1;69;3;2210156391;0;0;0;62;0
1004;10;1;17;10.3;3706;19:19:23.70;0;33.46816;-15.93229;1;1.98;0;0;27;1;0;1;1;1;70;3;2210156370;0;0;0;62;0
1009;9;1;18;9.6;6945;19:19:23.82;0;-52.54848;45.41449;1;2.10;0;0;27;1;0;1;1;1;71;3;2210156382;0;0;0;62;0
1002;0;1;19;0.0;45263;19:19:23.78;0;-347.17783;-290.42974;1;2.6;0;0;27;1;0;1;1;1;71;3;2210156378;0;0;0;62;0
1001;8;1;20;8.7;10554;19:19:24.07;0;9.72812;105.09511;1;2.35;0;0;27;1;0;1;1;1;71;3;2210156407;0;0;0;62;0
1008;0;1;13;0.0;30919;19:19:24.30;0;308.08970;26.16287;1;2.59;0;0;27;1;0;1;1;1;71;3;2210156430;0;0;0;62;0
1005;0;1;16;0;0;19:20:07.36;0;0.00000;0.00000;1;0.0;0;1;27;1;0;1;1;1;70;3;2210160736;0;0;0;62;0
1006;0;1;15;0;0;19:20:14.92;0;0.00000;0.00000;1;0.0;0;1;27;1;0;1;1;1;71;3;2210161492;0;0;0;62;0
1003;8;1;12;8.4;11572;19:21:46.97;0;69.64982;92.41928;1;1.90;0;0;27;1;0;0;2;1;74;3;2210170697;0;0;0;62;0
1007;8;1;14;8.9;9494;19:21:47.13;0;82.43518;-47.11165;1;2.7;0;0;27;1;0;0;2;1;74;3;2210170713;0;0;0;62;0
1009;9;1;18;9.3;8261;19:21:47.01;0;60.56881;56.18100;1;1.94;0;0;27;1;0;0;2;1;74;3;2210170701;0;0;0;62;0
1002;0;1;19;0.0;27881;19:21:46.99;0;-274.32239;-49.86489;1;1.92;0;0;27;1;0;0;2;1;74;3;2210170699;0;0;0;62;0
1008;0;1;13;0.0;39915;19:21:47.85;0;-398.02012;-30.13032;1;2.78;0;0;27;1;0;0;2;1;74;3;2210170785;0;0;0;62;0
1006;9;1;15;9.8;6029;19:21:47.70;0;36.22292;48.19822;1;2.63;0;0;27;1;0;0;2;1;74;3;2210170770;0;0;0;62;0
1005;7;1;16;7.0;17333;19:21:47.28;0;148.21121;89.88633;1;2.22;0;0;27;1;0;0;2;1;73;3;2210170728;0;0;0;62;0
1004;0;1;17;0.0;58087;19:21:47.30;0;-342.31177;-469.29440;1;2.24;0;0;27;1;0;0;2;1;73;3;2210170730;0;0;0;62;0
1001;7;1;20;7.9;13665;19:21:47.51;0;-125.31012;54.51086;1;2.44;0;0;27;1;0;0;2;1;74;3;2210170751;0;0;0;62;0
1004;0;1;17;0.0;28607;19:21:57.52;0;-264.48697;-109.03343;1;2.35;0;0;27;1;0;0;2;1;74;3;2210171752;0;0;0;62;0
1009;7;1;18;7.8;13993;19:21:57.08;0;84.28206;-111.70177;1;1.92;0;0;27;1;0;0;2;1;75;3;2210171708;0;0;0;62;0
1002;9;1;19;9.6;6748;19:21:57.21;0;17.89937;65.06829;1;2.5;0;0;27;1;0;0;2;1;75;3;2210171721;0;0;0;62;0
1003;8;1;12;8.7;10295;19:21:57.38;0;66.51957;78.58284;1;2.21;0;0;27;1;0;0;2;1;75;3;2210171738;0;0;0;62;0
1008;0;1;13;0.0;51416;19:21:57.45;0;399.05950;324.21854;1;2.28;0;0;27;1;0;0;2;1;75;3;2210171745;0;0;0;62;0
1007;10;1;14;10.3;3370;19:21:57.69;0;31.96459;-10.69474;1;2.52;0;0;27;1;0;0;2;1;75;3;2210171769;0;0;0;62;0
1006;9;1;15;9.1;8828;19:21:57.78;0;56.36334;67.95155;1;2.62;0;0;27;1;0;0;2;1;75;3;2210171778;0;0;0;62;0
1001;6;1;20;6.4;19752;19:21:57.72;0;45.05844;192.31862;1;2.56;0;0;27;1;0;0;2;1;75;3;2210171772;0;0;0;62;0
1005;7;1;16;7.3;15963;19:21:57.60;0;-4.55132;-159.56819;1;2.43;0;0;27;1;0;0;2;1;74;3;2210171760;0;0;0;62;0
1003;10;1;12;10.3;3480;19:22:07.64;0;-24.56813;-24.65950;1;2.37;0;0;27;1;0;0;2;1;76;3;2210172764;0;0;0;62;0
1007;9;1;14;9.0;9302;19:22:07.79;0;47.12977;80.19873;1;2.53;0;0;27;1;0;0;2;1;76;3;2210172779;0;0;0;62;0
1006;5;1;15;5.7;22396;19:22:07.55;0;-193.93320;-112.01888;1;2.28;0;0;27;1;0;0;2;1;76;3;2210172755;0;0;0;62;0
1005;7;1;16;7.6;14730;19:22:07.55;0;-65.85410;-131.76481;1;2.28;0;0;27;1;0;0;2;1;75;3;2210172755;0;0;0;62;0
1009;10;1;18;10.1;4924;19:22:07.33;0;-48.70661;7.25116;1;2.6;0;0;27;1;0;0;2;1;76;3;2210172733;0;0;0;62;0
1002;0;1;19;0.0;35321;19:22:07.36;0;-176.49996;305.95261;1;2.9;0;0;27;1;0;0;2;1;76;3;2210172736;0;0;0;62;0
1001;9;1;20;9.9;5505;19:22:07.53;0;46.66527;29.21521;1;2.27;0;0;27;1;0;0;2;1;76;3;2210172753;0;0;0;62;0
1008;7;1;13;7.2;16588;19:22:08.30;0;137.67493;92.53865;1;3.3;0;0;27;1;0;0;2;1;76;3;2210172830;0;0;0;62;0
1004;8;1;17;8.1;12993;19:22:07.61;0;-82.90135;-100.04675;1;2.34;0;0;27;1;0;0;2;1;75;3;2210172761;0;0;0;62;0
1004;0;1;17;0.0;34891;19:22:17.25;0;300.09404;178.01313;1;1.88;0;0;27;1;0;0;2;1;76;3;2210173725;0;0;0;62;0
1009;10;1;18;10.1;4676;19:22:17.63;0;45.66588;10.08101;1;2.26;0;0;27;1;0;0;2;1;77;3;2210173763;0;0;0;62;0
1002;10;1;19;10.4;3239;19:22:17.54;0;-29.54355;-13.29677;1;2.16;0;0;27;1;0;0;2;1;77;3;2210173754;0;0;0;62;0
1008;0;1;13;0.0;36515;19:22:17.77;0;-265.77595;250.39589;1;2.39;0;0;27;1;0;0;2;1;77;3;2210173777;0;0;0;62;0
1007;6;1;14;6.7;18466;19:22:17.55;0;63.61236;-173.36494;1;2.18;0;0;27;1;0;0;2;1;77;3;2210173755;0;0;0;62;0
1006;6;1;15;6.8;18019;19:22:18.10;0;51.53052;-172.67053;1;2.73;0;0;27;1;0;0;2;1;77;3;2210173810;0;0;0;62;0
1005;7;1;16;7.3;16186;19:22:17.56;0;-142.86801;-76.08780;1;2.19;0;0;27;1;0;0;2;1;76;3;2210173756;0;0;0;62;0
1001;8;1;20;8.5;11418;19:22:18.18;0;-56.55264;99.20250;1;2.81;0;0;27;1;0;0;2;1;77;3;2210173818;0;0;0;62;0
1003;8;1;12;8.0;13341;19:22:18.33;0;-1.40020;133.40342;1;2.96;0;0;27;1;0;0;2;1;77;3;2210173833;0;0;0;62;0
1008;9;1;13;9.8;5950;19:22:27.51;0;-50.54478;-31.40348;1;2.4;0;0;27;1;0;1;2;1;78;3;2210174751;0;0;0;62;0
1004;0;1;17;0.0;2686;19:22:27.58;0;-483.94278;-480.86774;1;2.10;0;0;27;1;0;1;2;1;77;3;2210174758;0;0;0;62;0
1009;8;1;18;8.9;9730;19:22:27.44;0;-95.11404;-20.51964;1;1.97;0;0;27;1;0;1;2;1;78;3;2210174744;0;0;0;62;0
1002;0;1;19;0.0;25916;19:22:27.60;0;-36.01562;-256.65417;1;2.12;0;0;27;1;0;1;2;1;78;3;2210174760;0;0;0;62;0
1001;8;1;20;8.8;9901;19:22:27.82;0;88.18286;45.01963;1;2.35;0;0;27;1;0;1;2;1;78;3;2210174782;0;0;0;62;0
1003;9;1;12;9.1;8989;19:22:27.71;0;86.63280;24.01254;1;2.24;0;0;27;1;0;1;2;1;78;3;2210174771;0;0;0;62;0
1006;10;1;15;10.0;4941;19:22:28.16;0;30.74333;-38.68166;1;2.69;0;0;27;1;0;1;2;1;78;3;2210174816;0;0;0;62;0
1005;0;1;16;0.0;28200;19:22:27.87;0;-145.00907;-241.86498;1;2.40;0;0;27;1;0;1;2;1;77;3;2210174787;0;0;0;62;0
1007;9;1;14;9.8;6056;19:22:27.94;0;-31.06336;-51.98815;1;2.47;0;0;27;1;0;1;2;1;78;3;2210174794;0;0;0;62;0
1003;9;1;12;9.7;6680;19:24:17.39;0;41.00928;52.74165;1;2.6;0;0;27;1;0;0;3;1;81;3;2210185739;0;0;0;62;0
1007;9;1;14;9.9;5517;19:24:17.65;0;17.61245;-52.28745;1;2.32;0;0;27;1;0;0;3;1;81;3;2210185765;0;0;0;62;0
1009;9;1;18;9.9;5801;19:24:17.53;0;57.01398;-10.72695;1;2.20;0;0;27;1;0;0;3;1;81;3;2210185753;0;0;0;62;0
1002;5;1;19;5.4;23518;19:24:17.58;0;95.03932;-215.12671;1;2.24;0;0;27;1;0;0;3;1;81;3;2210185758;0;0;0;62;0
1008;7;1;13;7.2;16517;19:24:17.87;0;163.02767;26.53158;1;2.54;0;0;27;1;0;0;3;1;81;3;2210185787;0;0;0;62;0
1006;10;1;15;10.0;4984;19:24:18.07;0;-30.08882;-39.73499;1;2.74;0;0;27;1;0;0;3;1;81;3;2210185807;0;0;0;62;0
1005;10;1;16;10.0;5286;19:24:17.73;0;9.37327;-52.02356;1;2.40;0;0;27;1;0;0;3;1;80;3;2210185773;0;0;0;62;0
1004;0;1;17;0.0;31183;19:24:17.93;0;-242.04403;-196.60656;1;2.60;0;0;27;1;0;0;3;1;80;3;2210185793;0;0;0;62;0
1001;6;1;20;6.7;18365;19:24:17.75;0;-171.69566;-65.18195;1;2.42;0;0;27;1;0;0;3;1;81;3;2210185775;0;0;0;62;0
1003;9;1;12;9.0;9265;19:24:27.59;0;-31.42471;87.15864;1;2.16;0;0;27;1;0;0;3;1;82;3;2210186759;0;0;0;62;0
1002;5;1;19;5.6;23041;19:24:27.41;0;-227.32736;-37.58517;1;1.97;0;0;27;1;0;0;3;1;82;3;2210186741;0;0;0;62;0
1008;0;1;13;0.0;25972;19:24:27.63;0;-170.28975;196.10541;1;2.20;0;0;27;1;0;0;3;1;82;3;2210186763;0;0;0;62;0
1007;10;1;14;10.1;4495;19:24:27.78;0;-44.55159;-6.04573;1;2.35;0;0;27;1;0;0;3;1;82;3;2210186778;0;0;0;62;0
1006;10;1;15;10.0;5192;19:24:27.91;0;39.25660;33.99275;1;2.48;0;0;27;1;0;0;3;1;82;3;2210186791;0;0;0;62;0
1005;5;1;16;5.7;22413;19:24:27.77;0;-122.90709;-187.43095;1;2.34;0;0;27;1;0;0;3;1;81;3;2210186777;0;0;0;62;0
1009;10;1;18;10.0;5056;19:24:27.60;0;41.17069;29.35619;1;2.16;0;0;27;1;0;0;3;1;82;3;2210186760;0;0;0;62;0
1001;7;1;20;7.7;14365;19:24:27.85;0;-75.49390;122.21412;1;2.42;0;0;27;1;0;0;3;1;82;3;2210186785;0;0;0;62;0
1003;9;1;12;9.1;8695;19:24:37.63;0;-75.72081;42.74411;1;2.9;0;0;27;1;0;0;3;1;83;3;2210187763;0;0;0;62;0
1007;9;1;14;9.3;8051;19:24:37.72;0;-27.34629;-75.72413;1;2.19;0;0;27;1;0;0;3;1;83;3;2210187772;0;0;0;62;0
1005;7;1;16;7.6;14872;19:24:37.64;0;-42.89213;-142.40769;1;2.11;0;0;27;1;0;0;3;1;82;3;2210187764;0;0;0;62;0
1009;6;1;18;6.8;17939;19:24:37.53;0;-147.32522;-102.36876;1;1.99;0;0;27;1;0;0;3;1;83;3;2210187753;0;0;0;62;0
1002;10;1;19;10.1;4435;19:24:37.55;0;-43.03076;10.76987;1;2.1;0;0;27;1;0;0;3;1;83;3;2210187755;0;0;0;62;0
1001;8;1;20;8.1;12712;19:24:37.88;0;38.68532;121.09106;1;2.35;0;0;27;1;0;0;3;1;83;3;2210187788;0;0;0;62;0
1008;8;1;13;8.5;11245;19:24:37.98;0;-34.40784;107.06156;1;2.44;0;0;27;1;0;0;3;1;83;3;2210187798;0;0;0;62;0
1006;8;1;15;8.1;13008;19:24:37.91;0;117.45842;-55.91518;1;2.38;0;0;27;1;0;0;3;1;83;3;2210187791;0;0;0;62;0
1009;9;1;18;9.8;5967;19:24:47.62;0;-58.67498;10.86867;1;1.99;0;0;27;1;0;0;3;1;84;3;2210188762;0;0;0;62;0
1002;7;1;19;7.8;14134;19:24:47.51;0;-139.62431;-21.97080;1;1.87;0;0;27;1;0;0;3;1;84;3;2210188751;0;0;0;62;0
1008;0;1;13;0.0;30770;19:24:47.98;0;-287.18519;-110.47500;1;2.34;0;0;27;1;0;0;3;1;84;3;2210188798;0;0;0;62;0
1007;9;1;14;9.4;7758;19:24:47.88;0;-8.81497;-77.07893;1;2.24;0;0;27;1;0;0;3;1;84;3;2210188788;0;0;0;62;0
1006;8;1;15;8.8;9904;19:24:48.13;0;50.30856;85.32138;1;2.49;0;0;27;1;0;0;3;1;84;3;2210188813;0;0;0;62;0
1005;5;1;16;5.9;21615;19:24:47.77;0;-205.92369;65.70394;1;2.13;0;0;27;1;0;0;3;1;83;3;2210188777;0;0;0;62;0
1001;7;1;20;7.7;14664;19:24:47.76;0;106.76610;100.53048;1;2.12;0;0;27;1;0;0;3;1;84;3;2210188776;0;0;0;62;0
1003;9;1;12;9.7;6300;19:24:48.15;0;2.15405;62.97204;1;2.51;0;0;27;1;0;0;3;1;84;3;2210188815;0;0;0;62;0
1009;10;1;18;10.1;4392;19:24:57.59;0;-17.58072;40.25027;1;1.85;0;0;27;1;0;1;3;1;85;3;2210189759;0;0;0;62;0
1002;8;1;19;8.8;9884;19:24:57.82;0;-62.23788;76.79591;1;2.9;0;0;27;1;0;1;3;1;85;3;2210189782;0;0;0;62;0
1001;6;1;20;6.9;17532;19:24:57.81;0;48.78048;168.40328;1;2.7;0;0;27;1;0;1;3;1;85;3;2210189781;0;0;0;62;0
1003;6;1;12;6.8;18148;19:24:58.18;0;-159.54688;86.50631;1;2.44;0;0;27;1;0;1;3;1;85;3;2210189818;0;0;0;62;0
1008;8;1;13;8.1;12858;19:24:57.92;0;120.73819;-44.24283;1;2.18;0;0;27;1;0;1;3;1;85;3;2210189792;0;0;0;62;0
1007;8;1;14;8.0;13330;19:24:58.07;0;104.14400;-83.21108;1;2.33;0;0;27;1;0;1;3;1;85;3;2210189807;0;0;0;62;0
1006;8;1;15;8.8;10013;19:24:58.43;0;-99.67183;-9.57337;1;2.69;0;0;27;1;0;1;3;1;85;3;2210189843;0;0;0;62;0
1005;5;1;16;5.3;24134;19:24:58.03;0;-32.75879;-239.11558;1;2.29;0;0;27;1;0;1;3;1;84;3;2210189803;0;0;0;62;0
1004;0;1;17;0.0;30545;19:24:58.16;0;-210.93158;-220.92739;1;2.42;0;0;27;1;0;0;3;1;81;3;2210189816;0;0;0;62;0
1004;0;1;17;0;0;19:25:29.50;0;0.00000;0.00000;1;0.0;0;1;27;1;0;0;3;1;82;3;2210192950;0;0;0;62;0
1004;0;1;17;0;0;19:25:31.45;0;0.00000;0.00000;1;0.0;0;1;27;1;0;0;3;1;83;3;2210193145;0;0;0;62;0
1004;0;1;17;0;0;19:25:32.95;0;0.00000;0.00000;1;0.0;0;1;27;1;0;1;3;1;84;3;2210193295;0;0;0;62;0
1002;5;1;19;5.4;23562;19:27:01.04;0;-180.33803;151.65430;1;1.92;0;0;27;1;0;0;4;1;88;3;2210202104;0;0;0;62;0
1007;9;1;14;9.7;6320;19:27:01.28;0;61.29868;-15.40342;1;2.16;0;0;27;1;0;0;4;1;88;3;2210202128;0;0;0;62;0
1005;6;1;16;6.2;20573;19:27:01.37;0;-192.42617;-72.80678;1;2.25;0;0;27;1;0;0;4;1;87;3;2210202137;0;0;0;62;0
1004;0;1;17;0.0;33943;19:27:01.41;0;-328.00624;-87.33951;1;2.29;0;0;27;1;0;0;4;1;87;3;2210202141;0;0;0;62;0
1009;10;1;18;10.1;4580;19:27:01.33;0;40.80876;-20.79268;1;2.20;0;0;27;1;0;0;4;1;88;3;2210202133;0;0;0;62;0
1001;7;1;20;7.1;16979;19:27:01.41;0;79.69878;149.92498;1;2.28;0;0;27;1;0;0;4;1;88;3;2210202141;0;0;0;62;0
1003;7;1;12;7.6;14736;19:27:02.08;0;58.73891;135.15627;1;2.95;0;0;27;1;0;0;4;1;88;3;2210202208;0;0;0;62;0
1006;8;1;15;8.4;11496;19:27:01.96;0;8.35528;114.65685;1;2.84;0;0;27;1;0;0;4;1;88;3;2210202196;0;0;0;62;0
1008;8;1;13;8.1;12767;19:27:01.60;0;-49.25045;117.79837;1;2.47;0;0;27;1;0;0;4;1;88;3;2210202160;0;0;0;62;0
1004;0;1;17;0.0;33561;19:27:11.45;0;164.12818;-292.74651;1;2.22;0;0;27;1;0;0;4;1;88;3;2210203145;0;0;0;62;0
1002;10;1;19;10.3;3639;19:27:11.42;0;-31.01924;19.03843;1;2.19;0;0;27;1;0;0;4;1;89;3;2210203142;0;0;0;62;0
1001;9;1;20;9.1;9042;19:27:11.51;0;1.40514;90.41078;1;2.29;0;0;27;1;0;0;4;1;89;3;2210203151;0;0;0;62;0
1003;8;1;12;8.0;13335;19:27:11.67;0;-53.91774;-121.96954;1;2.44;0;0;27;1;0;0;4;1;89;3;2210203167;0;0;0;62;0
1007;10;1;14;10.7;1258;19:27:11.70;1;-9.67818;-8.04829;1;2.47;0;0;27;1;0;0;4;1;89;3;2210203170;0;0;0;62;0
1006;8;1;15;8.9;9705;19:27:11.82;0;-93.18194;27.13850;1;2.60;0;0;27;1;0;0;4;1;89;3;2210203182;0;0;0;62;0
1005;7;1;16;7.8;13925;19:27:11.81;0;-104.09841;92.49368;1;2.59;0;0;27;1;0;0;4;1;88;3;2210203181;0;0;0;62;0
1009;10;1;18;10.2;3869;19:27:11.58;0;35.39661;15.62895;1;2.35;0;0;27;1;0;0;4;1;89;3;2210203158;0;0;0;62;0
1008;5;1;13;5.3;24105;19:27:12.38;0;225.90037;-84.13268;1;0.6;0;0;27;1;0;0;4;1;89;3;2210203238;0;0;0;62;0
1003;6;1;12;6.1;20952;19:27:21.20;0;-16.20075;208.90062;1;1.87;0;0;27;1;0;0;4;1;90;3;2210204120;0;0;0;62;0
1008;8;1;13;8.7;10297;19:27:21.45;0;35.38442;96.70749;1;2.13;0;0;27;1;0;0;4;1;90;3;2210204145;0;0;0;62;0
1007;10;1;14;10.1;4498;19:27:21.40;0;-44.65963;-5.44069;1;2.8;0;0;27;1;0;0;4;1;90;3;2210204140;0;0;0;62;0
1006;6;1;15;6.1;21025;19:27:21.80;0;-210.05161;9.24751;1;2.48;0;0;27;1;0;0;4;1;90;3;2210204180;0;0;0;62;0
1005;9;1;16;9.1;8913;19:27:21.64;0;68.26957;-57.30389;1;2.32;0;0;27;1;0;0;4;1;89;3;2210204164;0;0;0;62;0
1004;0;1;17;0.0;27910;19:27:21.53;0;-223.21963;-167.54383;1;2.21;0;0;27;1;0;0;4;1;89;3;2210204153;0;0;0;62;0
1009;9;1;18;9.1;8797;19:27:21.68;0;61.72821;62.67803;1;2.35;0;0;27;1;0;0;4;1;90;3;2210204168;0;0;0;62;0
1002;0;1;19;0.0;29996;19:27:21.68;0;-296.25997;47.00951;1;2.35;0;0;27;1;0;0;4;1;90;3;2210204168;0;0;0;62;0
1001;9;1;20;9.7;6562;19:27:21.89;0;-50.28111;42.16450;1;2.57;0;0;27;1;0;0;4;1;90;3;2210204189;0;0;0;62;0
1003;7;1;12;7.1;17004;19:27:31.74;0;54.09069;161.21623;1;2.31;0;0;27;1;0;0;4;1;91;3;2210205174;0;0;0;62;0
1007;9;1;14;9.8;6163;19:27:31.93;0;-58.78557;18.52342;1;2.51;0;0;27;1;0;0;4;1;91;3;2210205193;0;0;0;62;0
1006;7;1;15;7.3;16180;19:27:31.72;0;-117.56694;-111.16713;1;2.29;0;0;27;1;0;0;4;1;91;3;2210205172;0;0;0;62;0
1004;0;1;17;0.0;31757;19:27:31.68;0;-284.36646;-141.39016;1;2.25;0;0;27;1;0;0;4;1;90;3;2210205168;0;0;0;62;0
1009;7;1;18;7.4;15749;19:27:31.54;0;-156.94889;13.07680;1;2.12;0;0;27;1;0;0;4;1;91;3;2210205154;0;0;0;62;0
1002;7;1;19;7.6;14982;19:27:31.43;0;116.71235;93.94141;1;2.1;0;0;27;1;0;0;4;1;91;3;2210205143;0;0;0;62;0
1001;10;1;20;10.1;4849;19:27:31.73;0;27.19216;-40.15619;1;2.30;0;0;27;1;0;0;4;1;91;3;2210205173;0;0;0;62;0
1008;8;1;13;8.5;11349;19:27:32.11;0;26.21014;110.42260;1;2.68;0;0;27;1;0;0;4;1;91;3;2210205211;0;0;0;62;0
1004;0;1;17;0.0;27563;19:27:41.59;0;132.34121;-241.78568;1;2.7;0;0;27;1;0;1;4;1;91;3;2210206159;0;0;0;62;0
1007;8;1;14;8.6;10820;19:27:41.87;0;-68.47476;-83.77930;1;2.34;0;0;27;1;0;1;4;1;92;3;2210206187;0;0;0;62;0
1006;10;1;15;10.7;1543;19:27:42.02;1;-14.70369;4.68728;1;2.50;0;0;27;1;0;1;4;1;92;3;2210206202;0;0;0;62;0
1005;7;1;16;7.4;15878;19:27:41.98;0;92.97579;-128.71711;1;2.45;0;0;27;1;0;0;4;1;90;3;2210206198;0;0;0;62;0
1009;9;1;18;9.4;7556;19:27:41.74;0;-66.71955;35.48221;1;2.21;0;0;27;1;0;1;4;1;92;3;2210206174;0;0;0;62;0
1002;0;1;19;0.0;49101;19:27:41.77;0;-338.04864;-356.12199;1;2.24;0;0;27;1;0;1;4;1;92;3;2210206177;0;0;0;62;0
1001;5;1;20;5.8;22075;19:27:41.85;0;-137.58886;172.63851;1;2.32;0;0;27;1;0;1;4;1;92;3;2210206185;0;0;0;62;0
1003;10;1;12;10.1;4825;19:27:42.34;0;-25.69738;40.84728;1;2.82;0;0;27;1;0;1;4;1;92;3;2210206234;0;0;0;62;0
1008;0;1;13;0.0;49522;19:27:42.01;0;-427.46347;250.03842;1;2.48;0;0;27;1;0;1;4;1;92;3;2210206201;0;0;0;62;0
1005;0;1;16;0;0;19:28:32.53;0;0.00000;0.00000;1;0.0;0;1;27;1;0;1;4;1;91;3;2210211253;0;0;0;62;0
1009;10;1;18;10.4;2993;19:29:58.06;0;27.70594;-11.34340;1;2.15;0;0;27;1;0;0;5;1;95;3;2210219806;0;0;0;62;0
1002;0;1;19;0.0;41854;19:29:57.98;0;-310.74402;-280.38514;1;2.7;0;0;27;1;0;0;5;1;95;3;2210219798;0;0;0;62;0
1003;9;1;12;9.4;7845;19:29:58.43;0;78.23784;5.79568;1;2.52;0;0;27;1;0;0;5;1;95;3;2210219843;0;0;0;62;0
1007;10;1;14;10.0;5155;19:29:58.12;0;51.32274;-4.88079;1;2.20;0;0;27;1;0;0;5;1;95;3;2210219812;0;0;0;62;0
1005;7;1;16;7.1;17049;19:29:58.45;0;-60.34167;-159.46446;1;2.54;0;0;27;1;0;0;5;1;94;3;2210219845;0;0;0;62;0
1001;7;1;20;7.7;14307;19:29:58.37;0;-121.12992;76.15228;1;2.46;0;0;27;1;0;0;5;1;95;3;2210219837;0;0;0;62;0
1008;6;1;13;6.5;19188;19:29:58.64;0;138.53732;132.77240;1;2.72;0;0;27;1;0;0;5;1;95;3;2210219864;0;0;0;62;0
1006;6;1;15;6.7;18536;19:29:58.86;0;18.21444;184.47275;1;2.95;0;0;27;1;0;0;5;1;95;3;2210219886;0;0;0;62;0
1004;0;1;17;0.0;32369;19:29:58.19;0;-320.28952;-46.80227;1;2.28;0;0;27;1;0;0;5;1;94;3;2210219819;0;0;0;62;0
1006;6;1;15;6.4;19523;19:30:08.19;0;193.81297;23.51956;1;2.18;0;0;27;1;0;0;5;1;96;3;2210220819;0;0;0;62;0
1004;8;1;17;8.2;12673;19:30:08.35;0;-66.02066;108.18394;1;2.33;0;0;27;1;0;0;5;1;95;3;2210220835;0;0;0;62;0
1009;10;1;18;10.3;3304;19:30:08.33;0;1.77208;32.99880;1;2.32;0;0;27;1;0;0;5;1;96;3;2210220833;0;0;0;62;0
1002;0;1;19;0.0;30213;19:30:07.91;0;-38.76405;-299.63943;1;1.89;0;0;27;1;0;0;5;1;96;3;2210220791;0;0;0;62;0
1001;7;1;20;7.5;15303;19:30:08.59;0;-8.70377;152.79149;1;2.57;0;0;27;1;0;0;5;1;96;3;2210220859;0;0;0;62;0
1003;7;1;12;7.1;16689;19:30:08.52;0;52.59874;158.39244;1;2.50;0;0;27;1;0;0;5;1;96;3;2210220852;0;0;0;62;0
1008;8;1;13;8.2;12600;19:30:08.50;0;80.05199;97.30545;1;2.49;0;0;27;1;0;0;5;1;96;3;2210220850;0;0;0;62;0
1007;7;1;14;7.5;15224;19:30:08.49;0;41.64963;-146.43730;1;2.48;0;0;27;1;0;0;5;1;96;3;2210220849;0;0;0;62;0
1003;9;1;12;9.1;9049;19:30:18.29;0;14.04291;89.39696;1;2.18;0;0;27;1;0;0;5;1;97;3;2210221829;0;0;0;62;0
1008;6;1;13;6.2;20341;19:30:18.45;0;118.10604;165.61276;1;2.34;0;0;27;1;0;0;5;1;97;3;2210221845;0;0;0;62;0
1006;8;1;15;8.7;10642;19:30:18.57;0;-97.30145;-43.11289;1;2.46;0;0;27;1;0;0;5;1;97;3;2210221857;0;0;0;62;0
1005;0;1;16;0.0;30640;19:30:18.32;0;-233.35691;-198.56837;1;2.21;0;0;27;1;0;0;5;1;95;3;2210221832;0;0;0;62;0
1009;9;1;18;9.2;8551;19:30:18.23;0;-55.85267;-64.75917;1;2.11;0;0;27;1;0;0;5;1;97;3;2210221823;0;0;0;62;0
1002;0;1;19;0.0;42316;19:30:18.10;0;-7.30452;-423.10235;1;1.99;0;0;27;1;0;0;5;1;97;3;2210221810;0;0;0;62;0
1001;8;1;20;8.7;10410;19:30:18.46;0;103.39665;12.11920;1;2.34;0;0;27;1;0;0;5;1;97;3;2210221846;0;0;0;62;0
1007;7;1;14;7.8;13989;19:30:18.85;0;12.86319;-139.29862;1;2.74;0;0;27;1;0;0;5;1;97;3;2210221885;0;0;0;62;0
1004;0;1;17;0.0;37205;19:30:27.92;0;-242.46936;-282.19104;1;1.70;0;0;27;1;0;0;5;1;96;3;2210222792;0;0;0;62;0
1003;5;1;12;5.4;23860;19:30:28.69;0;-234.34697;-44.89299;1;2.47;0;0;27;1;0;0;5;1;98;3;2210222869;0;0;0;62;0
1008;7;1;13;7.1;16990;19:30:28.37;0;157.54719;63.60269;1;2.15;0;0;27;1;0;0;5;1;98;3;2210222837;0;0;0;62;0
1007;9;1;14;9.6;6700;19:30:28.88;0;-65.16439;-15.57917;1;2.67;0;0;27;1;0;0;5;1;98;3;2210222888;0;0;0;62;0
1006;0;1;15;0.0;25744;19:30:28.80;0;203.66897;157.47675;1;2.58;0;0;27;1;0;0;5;1;98;3;2210222880;0;0;0;62;0
1009;9;1;18;9.9;5772;19:30:28.46;0;-57.65233;-2.98926;1;2.24;0;0;27;1;0;0;5;1;98;3;2210222846;0;0;0;62;0
1002;5;1;19;5.3;24207;19:30:28.59;0;203.19939;131.56199;1;2.38;0;0;27;1;0;0;5;1;98;3;2210222859;0;0;0;62;0
1001;10;1;20;10.0;5033;19:30:28.68;0;43.07661;-26.03347;1;2.46;0;0;27;1;0;0;5;1;98;3;2210222868;0;0;0;62;0
1009;10;1;18;10.2;4195;19:30:38.28;0;-27.36814;31.79760;1;1.97;0;0;27;1;0;1;5;1;99;3;2210223828;0;0;0;62;0
1003;7;1;12;7.7;14387;19:30:39.03;0;123.85687;73.21183;1;2.71;0;0;27;1;0;1;5;1;99;3;2210223903;0;0;0;62;0
1008;7;1;13;7.7;14615;19:30:39.11;0;142.37235;33.03925;1;2.79;0;0;27;1;0;1;5;1;99;3;2210223911;0;0;0;62;0
1007;10;1;14;10.4;3217;19:30:38.60;0;-8.74733;30.96824;1;2.29;0;0;27;1;0;1;5;1;99;3;2210223860;0;0;0;62;0
1006;10;1;15;10.4;3242;19:30:38.59;0;18.60087;26.55736;1;2.27;0;0;27;1;0;1;5;1;99;3;2210223859;0;0;0;62;0
1005;8;1;16;8.8;9991;19:30:38.96;0;97.30444;-22.68233;1;2.64;0;0;27;1;0;0;5;1;96;3;2210223896;0;0;0;62;0
1002;9;1;19;9.8;6005;19:30:38.52;0;-18.83231;57.02341;1;2.21;0;0;27;1;0;1;5;1;99;3;2210223852;0;0;0;62;0
1001;10;1;20;10.0;4962;19:30:38.75;0;-26.11864;42.19674;1;2.44;0;0;27;1;0;1;5;1;99;3;2210223875;0;0;0;62;0
1004;0;1;17;0;0;19:30:57.16;0;0.00000;0.00000;1;0.0;0;1;27;1;0;0;5;1;97;3;2210225716;0;0;0;62;0
1004;0;1;17;0;0;19:30:58.83;0;0.00000;0.00000;1;0.0;0;1;27;1;0;1;5;1;98;3;2210225883;0;0;0;62;0
1005;0;1;16;0;0;19:31:10.01;0;0.00000;0.00000;1;0.0;0;1;27;1;0;0;5;1;97;3;2210227001;0;0;0;62;0
1005;0;1;16;0;0;19:31:11.26;0;0.00000;0.00000;1;0.0;0;1;27;1;0;1;5;1;98;3;2210227126;0;0;0;62;0
1003;10;1;12;10.0;5280;19:32:48.49;0;-42.61823;31.18624;1;1.97;0;0;27;1;0;0;6;1;102;3;2210236849;0;0;0;62;0
1007;10;1;14;10.4;3226;19:32:48.87;0;-30.03727;11.77296;1;2.35;0;0;27;1;0;0;6;1;102;3;2210236887;0;0;0;62;0
1006;9;1;15;9.8;6273;19:32:48.96;0;-55.11548;29.96786;1;2.43;0;0;27;1;0;0;6;1;102;3;2210236896;0;0;0;62;0
1004;0;1;17;0.0;54277;19:32:48.56;0;508.27467;190.41455;1;2.3;0;0;27;1;0;0;6;1;101;3;2210236856;0;0;0;62;0
1009;9;1;18;9.9;5527;19:32:48.65;0;19.11524;51.85965;1;2.13;0;0;27;1;0;0;6;1;102;3;2210236865;0;0;0;62;0
1002;5;1;19;5.1;24882;19:32:48.74;0;194.59990;155.06193;1;2.22;0;0;27;1;0;0;6;1;102;3;2210236874;0;0;0;62;0
1001;8;1;20;8.5;11199;19:32:48.93;0;15.03372;110.98225;1;2.41;0;0;27;1;0;0;6;1;102;3;2210236893;0;0;0;62;0
1008;7;1;13;7.6;14770;19:32:49.58;0;-90.27705;116.90565;1;3.6;0;0;27;1;0;0;6;1;102;3;2210236958;0;0;0;62;0
1003;9;1;12;9.7;6297;19:32:58.63;0;24.68050;57.93496;1;2.0;0;0;27;1;0;0;6;1;103;3;2210237863;0;0;0;62;0
1009;10;1;18;10.5;2332;19:32:58.48;1;23.30760;-0.85414;1;1.86;0;0;27;1;0;0;6;1;103;3;2210237848;0;0;0;62;0
1008;6;1;13;6.7;18349;19:32:59.19;0;174.64262;56.31850;1;2.57;0;0;27;1;0;0;6;1;103;3;2210237919;0;0;0;62;0
1007;7;1;14;7.6;15005;19:32:58.90;0;138.86289;-56.87309;1;2.28;0;0;27;1;0;0;6;1;103;3;2210237890;0;0;0;62;0
1006;9;1;15;9.9;5712;19:32:59.17;0;39.71098;41.06744;1;2.55;0;0;27;1;0;0;6;1;103;3;2210237917;0;0;0;62;0
1004;5;1;17;5.8;22185;19:32:59.26;0;-36.58593;-218.82004;1;2.64;0;0;27;1;0;0;6;1;102;3;2210237926;0;0;0;62;0
1002;9;1;19;9.3;8004;19:32:58.81;0;76.08283;-24.86648;1;2.18;0;0;27;1;0;0;6;1;103;3;2210237881;0;0;0;62;0
1001;7;1;20;7.0;17339;19:32:59.19;0;-121.61489;123.59706;1;2.57;0;0;27;1;0;0;6;1;103;3;2210237919;0;0;0;62;0
1005;9;1;16;9.0;9475;19:32:59.25;0;2.67434;94.71848;1;2.63;0;0;27;1;0;0;6;1;101;3;2210237925;0;0;0;62;0
1009;10;1;18;10.3;3426;19:33:08.67;0;30.40744;-15.79346;1;1.95;0;0;27;1;0;0;6;1;104;3;2210238867;0;0;0;62;0
1002;10;1;19;10.7;1537;19:33:08.79;1;9.41059;-12.15863;1;2.7;0;0;27;1;0;0;6;1;104;3;2210238879;0;0;0;62;0
1003;5;1;12;5.8;21964;19:33:09.27;0;136.80051;171.84575;1;2.55;0;0;27;1;0;0;6;1;104;3;2210238927;0;0;0;62;0
1008;5;1;13;5.9;21669;19:33:09.23;0;19.19399;215.84029;1;2.51;0;0;27;1;0;0;6;1;104;3;2210238923;0;0;0;62;0
1007;8;1;14;8.5;11095;19:33:09.11;0;-54.98119;-96.37795;1;2.38;0;0;27;1;0;0;6;1;104;3;2210238911;0;0;0;62;0
1006;8;1;15;8.5;11201;19:33:09.19;0;-69.97762;-87.46925;1;2.47;0;0;27;1;0;0;6;1;104;3;2210238919;0;0;0;62;0
1005;7;1;16;7.9;13797;19:33:09.15;0;-83.77531;-109.62941;1;2.43;0;0;27;1;0;0;6;1;102;3;2210238915;0;0;0;62;0
1004;0;1;17;0.0;47885;19:33:09.20;0;105.40223;467.10566;1;2.48;0;0;27;1;0;0;6;1;103;3;2210238920;0;0;0;62;0
1001;7;1;20;7.9;13534;19:33:09.42;0;52.18057;124.87783;1;2.69;0;0;27;1;0;0;6;1;104;3;2210238942;0;0;0;62;0
1003;9;1;12;9.9;5781;19:33:19.03;0;-53.88458;20.94054;1;2.20;0;0;27;1;0;0;6;1;105;3;2210239903;0;0;0;62;0
1008;5;1;13;5.2;24370;19:33:19.42;0;194.71271;146.56281;1;2.59;0;0;27;1;0;0;6;1;105;3;2210239942;0;0;0;62;0
1007;9;1;14;9.3;8212;19:33:19.38;0;-42.95917;-69.99139;1;2.55;0;0;27;1;0;0;6;1;105;3;2210239938;0;0;0;62;0
1004;0;1;17;0.0;30337;19:33:19.00;0;-120.56458;278.39339;1;2.18;0;0;27;1;0;0;6;1;104;3;2210239900;0;0;0;62;0
1009;10;1;18;10.3;3582;19:33:19.04;0;-0.03824;-35.82686;1;2.21;0;0;27;1;0;0;6;1;105;3;2210239904;0;0;0;62;0
1002;10;1;19;10.3;3687;19:33:19.16;0;7.61434;-36.07767;1;2.34;0;0;27;1;0;0;6;1;105;3;2210239916;0;0;0;62;0
1001;10;1;20;10.3;3307;19:33:19.26;0;-33.06637;0.92543;1;2.43;0;0;27;1;0;0;6;1;105;3;2210239926;0;0;0;62;0
1006;9;1;15;9.6;6915;19:33:19.53;0;-36.23962;-58.89736;1;2.70;0;0;27;1;0;0;6;1;105;3;2210239953;0;0;0;62;0
1005;8;1;16;8.0;13331;19:33:19.34;0;91.38483;-97.06439;1;2.52;0;0;27;1;0;0;6;1;103;3;2210239934;0;0;0;62;0
1003;6;1;12;6.7;18608;19:33:29.32;0;-88.53817;163.67108;1;2.40;0;0;27;1;0;7;6;1;106;3;2210240932;0;0;0;62;0
1008;0;1;13;0.0;26927;19:33:29.38;0;197.56736;182.96660;1;2.45;0;0;27;1;0;7;6;1;106;3;2210240938;0;0;0;62;0
1007;10;1;14;10.2;4266;19:33:29.28;0;42.59123;-2.47703;1;2.36;0;0;27;1;0;7;6;1;106;3;2210240928;0;0;0;62;0
1006;8;1;15;8.9;9843;19:33:29.52;0;-50.99638;-84.19003;1;2.60;0;0;27;1;0;7;6;1;106;3;2210240952;0;0;0;62;0
1005;6;1;16;6.3;19921;19:33:29.63;0;-151.73472;-129.09366;1;2.70;0;0;27;1;0;0;6;1;104;3;2210240963;0;0;0;62;0
1004;0;1;17;0.0;33916;19:33:29.22;0;152.33369;303.02793;1;2.29;0;0;27;1;0;7;6;1;105;3;2210240922;0;0;0;62;0
1009;9;1;18;9.8;5939;19:33:29.14;0;37.81678;45.79591;1;2.21;0;0;27;1;0;7;6;1;106;3;2210240914;0;0;0;62;0
1002;0;1;19;0.0;34778;19:33:29.26;0;-257.24196;-234.05851;1;2.34;0;0;27;1;0;7;6;1;106;3;2210240926;0;0;0;62;0
1001;10;1;20;10.1;4800;19:33:29.54;0;-39.14636;27.78782;1;2.61;0;0;27;1;0;7;6;1;106;3;2210240954;0;0;0;62;0
1005;0;1;16;0;0;19:33:53.51;0;0.00000;0.00000;1;0.0;0;1;27;1;0;7;6;1;105;3;2210243351;0;0;0;62;0
